word,level,meaning_en
가게,I,"store, shop"
가격,I,price
가구,I,furniture
가깝다,I,close
가끔,I,sometimes
가다,I,go
가르치다,I,teach
가방,I,bag
가볍다,I,light
가수,I,singer
가슴,I,"chest, breast"
가요,I,song
가운데,I,middle
가위,I,scissors
가을,I,"autumn, fall"
가장,I,most
가져가다,I,take away
가져오다,I,bring
가족,I,family
가지,I,branch
가지다,I,have
각,I,each
간,I,while
간단하다,I,"simple, easy"
간단히,I,simply
간식,I,snack
간장,I,soy sauce
간호사,I,nurse
갈비,I,"Galvi, spareribs"
갈비탕,I,"Galbitang, spareribs soup"
갈색,I,brown
갈아타다,I,transfer
감,I,persimmon
감기,I,cold
감기약,I,cold medicine
감다,I,close ~ (eyes)
감동,I,sensation
감동하다,I,be impressed
감사,I,thank
감사드립니다,I,thank you
감사하다,I,"thank, appreciate"
감사합니다,I,thank you
감자,I,potato
감자탕,I,"Gamjatang, potato soup"
갑자기,I,suddenly
값,I,price
강,I,river
강아지,I,puppy
강좌,I,lecture
갖다,I,have
같다,I,same
같이,I,together
개,I,"dog, ~ piece(s)"
개나리,I,forsythia
개인,I,individual
거기,I,there
거리,I,street
거실,I,living room
거울,I,mirror
거의,I,"almost, nearly"
거짓말,I,lie
걱정,I,"anxiety, concern"
걱정하다,I,worry
건강,I,health
건강하다,I,be healthy
건너가다,I,cross (a road)
건너다,I,cross over
건너편,I,"other side, opposite side"
건물,I,building
건배,I,"cheers, toast"
걷다,I,walk
걸다,I,"bet, call"
걸리다,I,"get caught, take (time)"
걸어가다,I,walk (go)
걸어오다,I,walk (come)
검은색,I,black
것,I,"that, thing, it"
게임,I,game
겨울,I,winter
겨울방학,I,winter vacation
결과,I,result
결정,I,decision
결정하다,I,decide
결혼,I,marriage
결혼식,I,wedding ceremony
결혼하다,I,get married
경기,I,"competition, game"
경기장,I,"stadium, arena"
경복궁,I,Gyeongbokgung
경주,I,Gyeongju
경찰,I,police
경찰관,I,police officer
경찰서,I,police office
경치,I,"view, landscape"
경험,I,experience
계단,I,stairs
계란,I,egg
계산하다,I,calculate
계속,I,continue
계시다,I,"be, exist (honorific form)"
계절,I,season
계획,I,plan
고기,I,meat
고등학교,I,high school
고등학생,I,high school student
고르다,I,choose
고마웠습니다,I,Thank you (past tense)
고맙다,I,thank
고맙습니다,I,Thank you
고모,I,paternal aunt
고모부,I,paternal uncle
고속버스,I,express bus
고양이,I,cat
고장,I,"broken, malfunction"
고추,I,red pepper
고추장,I,"Kochujang, red pepper paste"
고치다,I,fix
고프다,I,hungry
고향,I,hometown
곧,I,soon
골목,I,alley
골프,I,golf
곱다,I,beautiful
곳,I,place
공,I,ball
공간,I,space
공기,I,air
공무원,I,public official
공부,I,study
공부하다,I,study
공연,I,"show, public performance"
공원,I,park
공중전화,I,"payphone, public phone"
공짜,I,free
공책,I,"notebook, note"
공항,I,airport
공휴일,I,public holiday
과,I,division
과거,I,past
과일,I,fruit
과자,I,snack
과학,I,science
관계,I,relation
관광하다,I,"travel, sightsee"
관심,I,"attention, interest"
광고,I,advertisement
괜찮다,I,be okay
괜찮습니다,I,It's fine.
교과서,I,textbook
교수,I,professor
교실,I,classroom
교체,I,"substitute, change"
교통,I,traffic
교통사고,I,traffic accident
교회,I,church
구,I,9
구경하다,I,take a look
구두,I,shoes
구름,I,cloud
구십,I,90
구월,I,September
구하다,I,"save, seek, get"
국,I,soup
국내,I,domestic
국립,I,"nationalestablished, state"
국수,I,noodle
국어,I,Korean language
국적,I,"nationality, country of citizenship"
국제,I,international
군인,I,"soldier, military personnel"
굽다,I,bake
권,I,~ book(s)
귀,I,ear
귀엽다,I,cute
규칙,I,rule
귤,I,mandarin orange
그,I,it
그거,I,it
그것,I,it
그곳,I,there
그날,I,that day
그냥,I,"just, as it is"
그동안,I,"meantime, meanwhile, up to now"
그들,I,"them, they"
그때,I,"then, at that time"
그래,I,"Yes, Yeah"
그래서,I,"so, thus"
그램,I,gram
그러나,I,"but, however"
그러니까,I,"so, because"
그러면,I,"then, if so"
그런,I,"then, such"
그런데,I,"by the way, however"
그럼,I,then
그렇게,I,"like that, so"
그렇구나,I,"well, I see."
그렇다,I,"Yes, that's it."
그렇습니다,I,That's right.
그렇지만,I,"nevertheless, but"
그릇,I,"bowl, container, tableware"
그리고,I,and
그리다,I,draw
그림,I,"drawing, picture"
그만,I,"stop, finish"
그분,I,"his, the person"
그저께,I,day before yesterday
그중,I,among them
그쪽,I,"there, the person"
그치다,I,"stop, end, cease"
극장,I,"theater, cinema"
근처,I,"nearby, neighborhood"
글,I,"post, sentence, character"
글쎄요,I,"I do not know., well, I guess ~"
금방,I,"soon, a little while ago"
금연,I,no smoking
금요일,I,Friday
금주,I,"abstinence, temperance"
급,I,"class, grade"
급하다,I,"hurry, urgent"
기간,I,"term, period"
기다리다,I,wait
기르다,I,"cultivate, grow"
기름,I,"oil, gasoline"
기분,I,feeling
기뻐하다,I,"glad, delight"
기쁘다,I,happy
기사,I,"article, driver, engineer"
기숙사,I,dormitory
기억하다,I,remember
기온,I,temperature
기자,I,reporter
기차,I,train
기침,I,cough
기타,I,other
긴장되다,I,be nervous
길,I,"way, road"
길다,I,long
김,I,seaweed
김밥,I,Kimbab
김치,I,Kimchi
김치찌개,I,Kimchi stew
김포공항,I,Gimpo International Airport
까만색,I,black color
까맣다,I,black
깎다,I,"cut, shave"
깜짝,I,"startled, surprised"
깨끗하다,I,clean
깨다,I,"wake up, crack, break"
깨지다,I,"chip, crack, break"
꺼내다,I,take out
껌,I,chewing gum
꼭,I,"exactly, absolutely"
꽃,I,flower
꽃집,I,florist
꾸다,I,dream
꿈,I,dream
끄다,I,"turn off, extinguish, stop"
끓이다,I,boil
끝,I,end
끝나다,I,"finish, end"
끝내다,I,finish
끼다,I,"put on, plug, (fog) rolls in"
나,I,I
나가다,I,"go out, get out"
나누다,I,"share, divide"
나다,I,"occur, come out"
나라,I,country
나무,I,tree
나빠지다,I,"spoil, deteriorate"
나쁘다,I,bad
나오다,I,"come out, appear"
나이,I,"age, old"
나중,I,"later, after"
나타나다,I,appear
나흘,I,four days
낚시,I,fishing
날,I,day
날씨,I,weather
날짜,I,date
남,I,"south, man"
남기다,I,leave
남녀,I,men and women
남대문시장,I,Namdaemun market
남동생,I,younger brother
남미,I,South America
남북,I,north and south
남자,I,man
남쪽,I,south
남편,I,husband
남학생,I,male student
낮,I,"day, noon, during the day"
낮다,I,low
내,I,"of mine, my"
내가,I,I
내과,I,internal medicine
내년,I,next year
내다,I,"pay, put out"
내려가다,I,go down
내려오다,I,come down
내리다,I,go down
내용,I,content
내일,I,tomorrow
냄비,I,pot
냄새,I,smell
냉면,I,cold noodle
냉장고,I,refrigerator
너,I,you
너무,I,"too, very"
넓다,I,wide
넘다,I,"exceed, more than"
넘어지다,I,"fall down, fall"
넣다,I,put in
네,I,"yes, 4"
넥타이,I,necktie
넷,I,4
넷째,I,fourth
년,I,year
노란색,I,yellow color
노랗다,I,yellow
노래,I,song
노래방,I,Karaoke shop
노래하다,I,sing
노력하다,I,"endeavor, strive"
노트,I,note
녹색,I,green
녹차,I,green tea
놀다,I,play
놀라다,I,be surprised
농구,I,basketball
높다,I,high
놓다,I,put
누가,I,who
누구,I,who
누나,I,sister (as seen from the younger brother)
누르다,I,"press down, push"
눈,I,"eye, snow"
눈물,I,tear
눈사람,I,snowman
눈싸움,I,"staring contest, snowball fight"
눕다,I,"lie down, sleep"
뉴스,I,news
뉴욕,I,New York
느끼다,I,feel
느낌,I,feeling
느리다,I,slow
늘,I,always
늘다,I,"gain, increase"
능력,I,ability
늦다,I,"late, delay"
늦잠,I,"overslept, sleeping in late"
님,I,Sir
다,I,"all, whole"
다녀오다,I,"return, come back"
다니다,I,"go, commute"
다르다,I,different
다른,I,"other ~, another ~, different ~"
다리,I,"bridge, leg, foot"
다섯,I,5
다시,I,again
다음,I,"next, after"
다음달,I,next month
다음주,I,next week
다음해,I,"next year, following year"
다이어트,I,diet
다치다,I,hurt
닦다,I,"wipe, polish"
단어,I,word
단점,I,"disadvantage, shortcoming, drawback"
닫다,I,close
닫히다,I,"shut, close"
달,I,"month, moon"
달걀,I,egg
달다,I,sweet
달러,I,dollar
달력,I,calendar
달리다,I,run
닭,I,"chicken, hen"
닭고기,I,chicken
닮다,I,resemble
담그다,I,"dip, pickle"
담배,I,tobacco
답장,I,reply
당근,I,carrot
당신,I,you
대,I,"versus, large"
대답,I,answer
대답하다,I,"answer, reply"
대부분,I,"mostly, almost"
대사관,I,embassy
대학,I,"university, college"
대학교,I,"university, college"
대학생,I,college student
대학원,I,graduate school
대학원생,I,"postgraduate student, graduate student"
대한민국,I,"Republic of Korea, South Korea"
대화,I,"conversation, dialogue"
대회,I,"competition, tournament"
댁,I,house
더,I,more
더럽다,I,dirty
더운물,I,hot water
덕분,I,"thanks for, thanks to"
덥다,I,hot
덮다,I,cover
데리다,I,"bring, take along"
데이트,I,"date, dating"
도로,I,road
도서관,I,library
도시,I,city
도와주다,I,help
도움,I,"help, assistance"
도착,I,arrival
도착하다,I,arrive
도쿄,I,Tokyo
독서,I,reading
독서실,I,reading room
독서하다,I,read
독일,I,Germany
돈,I,money
돌아가다,I,"return, go back"
돌아오다,I,"come back, come home"
돕다,I,help
동네,I,"town, neighborhood"
동대문시장,I,Dongdaemun market
동물,I,animal
동생,I,"brother, sister"
동아리,I,"club, group"
동안,I,"during, between"
동양,I,"eastern, orient"
동전,I,coin
동쪽,I,east
돼지,I,pig
돼지고기,I,pork
되다,I,become
된장,I,fermented soybean paste
된장국,I,soybean paste soup
된장찌개,I,soybean paste stew
두,I,two
두껍다,I,thick
두다,I,put
두부,I,tofu
두부찌개,I,tofu soup
둘,I,2
둘째,I,"second, the second of~"
뒤,I,"rear, back"
뒤쪽,I,"behind, back, towards the rear"
드라마,I,drama
드리다,I,give
드시다,I,eat (honorific form)
듣기,I,"listening, hearing"
듣다,I,listen
들,I,"field, ~s,"
들다,I,"hold, enter"
들어가다,I,"go in, enter"
들어오다,I,"come in, enter"
등,I,"etc, back"
등산,I,"hiking, mountain-climbing"
등산복,I,mountaineering clothing
등산화,I,"hiking boots, climbing shoes"
디브이디,I,DVD
디자인,I,design
따뜻하다,I,warm
따라가다,I,follow
따라오다,I,"come with, follow"
따로,I,separately
따르다,I,follow
딸,I,daughter
딸기,I,strawberry
땀,I,sweat
때,I,time
때문,I,"because, for ~, so~"
떠나다,I,leave
떠들다,I,"chatter, make a noise"
떡,I,rice cake
떡국,I,rice cake soup
떡볶이,I,Toppogi
떨어지다,I,drop
또,I,"in addition, again"
또는,I,or
똑같다,I,same
똑바로,I,"upright, straight"
뛰다,I,run
뜨겁다,I,hot
뜨다,I,"rise, open (the eyes)"
뜻,I,meaning
라디오,I,radio
라면,I,ramen
러시아,I,Russia
로션,I,skin lotion
마늘,I,garlic
마르다,I,dry
마리,I,"~ animal(s), ~ head(s)"
마시다,I,drink
마음,I,"mind, feeling"
마지막,I,last
마치다,I,"finish, end"
마흔,I,40
막히다,I,"be blocked, be clogged"
만,I,"only, ten thousand"
만나다,I,meet
만두,I,dumpling
만들다,I,"make, create"
만일,I,"if, should"
만지다,I,touch
만화,I,"comic book, cartoon"
많다,I,many
많이,I,"a lot of, many"
말,I,"word, talk"
말씀,I,"words, remarks"
말씀하다,I,talk
말하기,I,speaking
말하다,I,"say, talk"
맑다,I,"clear, clean"
맛,I,"flavor, taste"
맛없다,I,not delicious
맛있다,I,delicious
맞다,I,"right, fit, correct"
맞습니다,I,That's right.
맞아요,I,That's right.
맞은편,I,"across, the other side, opposite"
매다,I,tie
매우,I,"extremely, very"
매일,I,everyday
매주,I,every week
맥주,I,beer
맵다,I,spicy
머리,I,"head, hair"
먹다,I,eat
먼저,I,"first, first of all, before"
멀다,I,"far, distant, long"
멋있다,I,"cool, nice"
메뉴,I,menu
메다,I,"shoulder, carry"
메모,I,memo
메시지,I,message
멕시코,I,Mexico
며칠,I,"a few days, what date"
면도,I,"razor, shaving"
명,I,~  person(s)
명절,I,"holidays, annual events"
몇,I,"a few, a number of"
모두,I,"all, everyone"
모레,I,the day after tomorrow
모르겠습니다,I,I don't know.
모르다,I,do not know
모시다,I,"take you, serve you  (honorific form)"
모양,I,"shape, form, style"
모으다,I,"collect, gather"
모이다,I,"gather, get together"
모임,I,"meeting, gathering"
모자,I,hat
목,I,"neck, throat"
목걸이,I,necklace
목소리,I,voice
목요일,I,Thursday
목욕,I,"bath, bathing"
목욕하다,I,take a bath
목적,I,purpose
몸,I,body
몸살,I,"sickness, disease that comes from fatigue"
못하다,I,~ can not do
몽골,I,Mongolia
무,I,radish
무겁다,I,heavy
무궁화,I,rose of sharon
무료,I,free
무릎,I,knee
무리,I,"swarm, unreasonable"
무섭다,I,scary
무슨,I,what
무엇,I,what
무엇이,I,what
무역,I,trade
무용,I,dance
무척,I,very
문,I,"door, gate"
문구점,I,stationery store
문장,I,sentence
문제,I,problem
문화,I,culture
묻다,I,ask
물,I,water
물건,I,"stuff, thing"
물론,I,"sure, of course"
물어보다,I,ask
뭐,I,what
미국,I,The United States
미래,I,future
미리,I,"in advance, beforehand"
미술,I,art
미술관,I,"art gallery, art museum"
미안하다,I,sorry
미안합니다,I,I'm sorry.
미용실,I,beauty salon
미터,I,meter
민속촌,I,folk village
밀가루,I,flour
밀리다,I,"be shaved, be pushed"
밑,I,"bottom, below"
바꾸다,I,change
바뀌다,I,be changed
바나나,I,banana
바다,I,sea
바닷가,I,beach
바라다,I,hope
바람,I,wind
바로,I,"immediately, soon, just"
바르다,I,"right, paint, wear"
바쁘다,I,busy
바이올린,I,violin
바지,I,pants
박물관,I,museum
박수,I,"clap, applause"
밖,I,"out, outside"
반,I,"half, group"
반갑다,I,"nice to meet, happy"
반갑습니다,I,Nice to meet you.
반년,I,half a year
반달,I,half-moon
반바지,I,shorts
반지,I,ring
반찬,I,side dish
받다,I,receive
발,I,"foot, leg"
발가락,I,toe(s)
발음,I,pronunciation
발전,I,development
발표,I,"announcement, presentation"
밝다,I,bright
밤,I,night
밥,I,"rice, meal"
방,I,room
방법,I,"way, method"
방송,I,broadcast
방송국,I,broadcast stations
방학,I,vacation
배,I,"ship, stomach, pear"
배고프다,I,hungry
배구,I,volleyball
배달,I,delivery
배부르다,I,be full (I am full.)
배우,I,actor
배우다,I,learn
배탈,I,stomachache
백,I,100
백화점,I,department store
버리다,I,"abandon, throw away"
버스,I,bus
번,I,~ time(s)
번호,I,number
벌다,I,"earn, make money"
벌써,I,already
벗다,I,"take off (clothes, shoes)"
벚꽃,I,cherry blossom
베이징,I,Beijing
베트남,I,Vietnam
벽,I,wall
변호사,I,lawyer
별,I,star
별로,I,not really
병,I,"illness, ~ bottle(s)"
병원,I,hospital
보내다,I,"send, spend"
보다,I,see
보도,I,"sidewalk, report"
보이다,I,"show, look"
보통,I,"usually, normally, in general"
복숭아,I,peach
복잡하다,I,"complicated, crowded"
볶다,I,fry
볶음밥,I,fried rice
볼펜,I,ballpoint pen
봄,I,spring
봉지,I,bag
봉투,I,envelope
뵙다,I,meet
부동산,I,real estate
부드럽다,I,"soft, friendly"
부르다,I,"call, sing"
부모,I,parents
부부,I,"couple, husband and wife, married couple"
부산,I,Busan
부업,I,sideline
부엌,I,kitchen
부인,I,"wife, Mrs."
부장,I,director
부지런하다,I,diligent
부치다,I,"send, fry, transmit"
부탁,I,"request, please"
부탁하다,I,"beg, ask"
북쪽,I,North
분,I,"~ person(s), ~ minute(s)"
분위기,I,atmosphere
불,I,"fire, electrical light"
불고기,I,"Bulgogi, grilled meat"
불다,I,"blow (wind or whistle, musical instruments, etc.)"
불편하다,I,"uncomfortable, inconvenient"
붓다,I,pour
붙다,I,"stick, pass a test"
붙이다,I,"attach, stick"
브라질,I,Brazil
블라우스,I,blouse
비,I,rain
비누,I,soap
비디오,I,video
비밀,I,secret
비빔밥,I,"Bibimbap, mixed rice"
비슷하다,I,"similar, like"
비싸다,I,expensive
비행기,I,airplane
비행장,I,"airfield, airport"
빌딩,I,building
빌리다,I,"borrow, lend"
빠르다,I,fast
빨간색,I,red color
빨갛다,I,red
빨다,I,"suck, do laundry"
빨래,I,"laundry, wash"
빨리,I,quickly
빵,I,bread
빵집,I,bakery
빼다,I,"remove, pull, pull out"
뿐,I,only
사,I,4
사거리,I,"intersection, four corners"
사계절,I,four seasons
사고,I,accident
사과,I,apple
사다,I,buy
사람,I,"person, man"
사랑,I,love
사랑하다,I,love
사례,I,"case, example"
사무실,I,office
사물,I,"object, thing"
사십,I,40
사업가,I,"entrepreneur, businessman"
사용하다,I,use
사원,I,"temple, employee"
사월,I,April
사이,I,"between, while"
사이다,I,cider
사이즈,I,size
사인하다,I,sign
사장,I,"CEO, the president"
사전,I,dictionary
사진,I,"picture, photo"
사진기,I,camera
사촌,I,cousin
사탕,I,candy
사흘,I,3 days
산,I,mountain
산책,I,walk
살,I,"flesh, ~ year(s) old"
살다,I,live
삼,I,3
삼거리,I,"intersection, three-way intersection"
삼계탕,I,Samgyetang
삼십,I,30
삼월,I,March
삼촌,I,paternal uncle
상관,I,relation
상자,I,box
상처,I,"wound, scratch"
상품,I,product
새,I,"bird, new"
새로,I,newly
새벽,I,"dawn, late at night, early morning"
새우,I,shrimp
색,I,color
색깔,I,color
샌드위치,I,sandwich
생각,I,"thinking, thought"
생각되다,I,"be considered, it seems~"
생각하다,I,think
생기다,I,"form, arise"
생선,I,fish
생신,I,birthday  (honorific form)
생일,I,birthday
생활,I,life
샤워하다,I,take a shower
샴푸,I,shampoo
서다,I,stand
서로,I,"each other, both"
서류,I,document
서른,I,30
서비스,I,service
서양,I,"western, west"
서울,I,Seoul
서울역,I,Seoul station
서점,I,bookstore
서쪽,I,"west, western"
선물,I,"gift, present"
선배,I,"elder, senior"
선생님,I,teacher
선수,I,player
선택하다,I,"choose, select"
선풍기,I,fan
설거지,I,"washing dishes, dish-washing"
설날,I,Lunar New Year
설렁탕,I,Seolleongtang
설명,I,"explanation, description"
설명하다,I,explain
설악산,I,Mt. Seorak
설탕,I,sugar
섬,I,island
성,I,"castle, last name"
성격,I,personality
성함,I,name
세계,I,world
세수하다,I,wash
세우다,I,"set up, formulate"
세일하다,I,have a sale
세탁기,I,washing machine
세탁소,I,"dry cleaners, laundromat"
센터,I,center
센티미터,I,centimeter
셋,I,3
셋째,I,third
소,I,"small, cow"
소개,I,introduction
소개하다,I,introduce
소고기,I,beef
소금,I,salt
소리,I,"sound, voice"
소설,I,novel
소설가,I,novelist
소식,I,news
소파,I,sofa
소포,I,parcel
소풍,I,"picnic, trip"
소화제,I,"peptic, digestive"
속,I,inside
손,I,hand
손가락,I,finger
손님,I,customer
손수건,I,handkerchief
송이,I,"bunch, flower, cluster"
쇼핑,I,shopping
수건,I,"towel, washcloth"
수도,I,"capital, water supply"
수돗물,I,tap water
수박,I,watermelon
수술하다,I,operate on for
수업,I,"class, lesson"
수영,I,swimming
수영복,I,swimsuit
수영장,I,swimming pool
수요일,I,Wednesday
수저,I,chopsticks and a spoon
수첩,I,"note, notebook"
수학,I,mathematics
숙제,I,homework
순서,I,"order, turn"
숟가락,I,spoon
술,I,"alcohol, liquor"
쉬다,I,rest
쉰,I,50
쉽다,I,easy
슈퍼마켓,I,supermarket
스물,I,20
스웨터,I,sweater
스케이트,I,skate
스키,I,"ski, skiing"
스키장,I,ski resort
스타,I,star
스타킹,I,stockings
스트레스,I,stress
스페인어,I,Spanish
스포츠,I,sport
슬퍼하다,I,"sorrow, mourn"
슬프다,I,sad
습관,I,habit
시,I,"city, time"
시간,I,time
시간표,I,"schedule, timetable"
시계,I,clock
시골,I,countryside
시끄럽다,I,noisy
시내,I,"downtown, city, stream"
시다,I,sour
시디,I,CD
시민,I,citizen
시설,I,facility
시외,I,suburbs
시원하다,I,"cool, refresh"
시월,I,October
시작,I,start
시작되다,I,begin
시작하다,I,"start, begin"
시장,I,market
시청,I,city hall
시키다,I,"make someone do, order"
시험,I,"exam, test"
식당,I,"restaurant, cafeteria"
식사,I,meal
식탁,I,table
신,I,"god, new"
신다,I,"put on, wear"
신문,I,newspaper
신발,I,"shoes, footwear"
신청서,I,application forms
신청하다,I,"put in for, apply for"
실례,I,excuse
실례하다,I,be excused
실수,I,"mistake, failure"
싫다,I,hate
싫어하다,I,"dislike, hate"
심하다,I,"severe, terrible"
십,I,10
십이월,I,December
십일월,I,November
싱겁다,I,not salty
싶다,I,want
싸다,I,"cheap, wrap"
싸우다,I,fight
쌀,I,rice
쌀밥,I,cooked rice
쌓이다,I,"stack up, pile up"
썰다,I,"chop, cut"
쓰기,I,"writing, dictation"
쓰다,I,"write, use, wear (glasses)"
쓰레기,I,garbage
쓰이다,I,"be written, be used"
씨,I,"seed, Mr. ~"
씩,I,"each, every, per"
씹다,I,"chew, bite"
씻다,I,wash
아가씨,I,"Miss, daughter"
아기,I,"baby, toddler"
아까,I,"earlier, while ago"
아내,I,wife
아뇨,I,no
아니다,I,no
아니오,I,no
아니요,I,no
아들,I,son
아랍어,I,Arabic
아래,I,"bottom, under"
아름답다,I,beautiful
아마,I,"maybe, perhaps"
아무,I,any
아버님,I,father
아버지,I,father
아빠,I,dad
아시아,I,Asia
아이,I,child
아이스크림,I,ice cream
아저씨,I,"uncle, mister"
아주,I,"very, completely"
아주머니,I,"old lady, madame, aunt"
아줌마,I,"old lady, madame, aunt"
아직,I,"yet, still"
아침,I,"morning, breakfast"
아침밥,I,breakfast
아침식사,I,breakfast
아파트,I,"apartment, mansion"
아프다,I,"painful, sick"
아프리카,I,Africa
아홉,I,9
아흔,I,90
악기,I,musical instrument
안,I,"within, not ~"
안경,I,glasses
안내하다,I,"guide, invite"
안녕하세요,I,"hi, hello"
안녕하십니까,I,hello
안다,I,"embrace, cradle"
안전하다,I,safe
앉다,I,sit
알다,I,know
알리다,I,inform
알맞다,I,"fit, appropriate"
알았습니다,I,I understood.
앞,I,"front, previous"
애,I,child
액세서리,I,accessory
야구,I,baseball
야채,I,vegetable
약,I,"about, medicine"
약간,I,"slightly, a little"
약국,I,pharmacy
약사,I,pharmacist
약속,I,"appointment, promise"
얇다,I,thin
양,I,"amount, sheep"
양말,I,socks
양복,I,suit
양식,I,"form, western style"
양파,I,onion
얘기하다,I,talk
어깨,I,shoulder
어느,I,"which, how"
어둡다,I,dark
어디,I,where
어떤,I,"which, what"
어떻게,I,how
어떻다,I,how
어떻습니까?,I,How is it?
어렵다,I,difficult
어른,I,adult
어리다,I,young
어린이,I,child
어머,I,"oh, well"
어머니,I,mother
어머님,I,mother
어서,I,"hurry, quickly"
어울리다,I,"look good on, befit"
어저께,I,yesterday
어제,I,yesterday
어젯밤,I,last night
언니,I,sister (as seen from the younger sister)
언제,I,when
언제나,I,"always, anytime"
얼굴,I,face
얼마나,I,how much
얼음,I,ice
엄마,I,mom
없다,I,"none, no, not"
없이,I,without
에어컨,I,air conditioner
엔,I,yen
엘리베이터,I,elevator
여권,I,passport
여기,I,here
여기저기,I,here and there
여덟,I,8
여동생,I,younger sister
여든,I,80
여러,I,"various, many"
여러가지,I,"several, various"
여러분,I,"everyone, ladies and gentlemen"
여름,I,summer
여보세요,I,hello
여섯,I,6
여자,I,woman
여학생,I,female student
여행,I,travel
여행사,I,"travel agency, travel firm"
역,I,station
역사,I,history
연락처,I,contact information
연세,I,age  (honorific form)
연습,I,practice
연습하다,I,practice
연예인,I,celebrity
연필,I,pencil
연휴,I,consecutive holidays
열,I,10
열다,I,open
열리다,I,be opened
열쇠,I,key
열심히,I,"hard, enthusiastic"
열차,I,train
엽서,I,postcard
영,I,"spirit, zero"
영국,I,The United Kingdom
영상,I,video
영어,I,English
영어회화,I,English conversation
영하,I,"minus, below zero"
영화,I,movie
영화관,I,movie theater
영화배우,I,movie star
영화표,I,movie ticket
옆,I,side
예,I,yes
예문,I,"example, model sentence"
예쁘다,I,"pretty, beautiful"
예순,I,60
예약,I,reservation
옛날,I,"a long ago, olden days"
오,I,5
오늘,I,today
오다,I,come
오래,I,"long, much"
오래간만,I,after a long time
오래간만입니다,I,Long time no see.
오랜만,I,after a long time
오랜만에,I,after a long time
오랫동안,I,for a long time
오렌지,I,orange
오르다,I,climb
오른쪽,I,"right side, right"
오리,I,duck
오빠,I,brother (as seen from the younger sister)
오십,I,50
오월,I,May
오이,I,cucumber
오전,I,"morning, a.m."
오징어,I,squid
오후,I,afternoon
올라가다,I,go up
올라오다,I,come up
올려놓다,I,"put on, place"
올림픽,I,olympic
올해,I,this year
옮기다,I,"move, transfer, translate"
옷,I,"dress, clothes"
옷가게,I,clothing store
옷장,I,closet
와이셔츠,I,shirt
왜,I,why
왜냐하면,I,because
외국,I,foreign country
외국어,I,foreign language
외국인,I,foreigner
외롭다,I,lonely
외삼촌,I,maternal uncle
외숙모,I,maternal aunt
외출하다,I,go out
외할머니,I,maternal grandmother
외할아버지,I,maternal grandfather
왼쪽,I,left
요금,I,fee
요르단,I,Jordan
요리,I,"cooking, cuisine"
요일,I,day of the week
요즘,I,"nowadays, around this time, lately"
우리,I,"we, us"
우리나라,I,"our country, South Korea"
우산,I,umbrella
우선,I,first
우유,I,milk
우체국,I,post office
우표,I,stamp
운동,I,exercise
운동복,I,"sportswear, gym clothes"
운동선수,I,athlete
운동장,I,"playground, athletic field"
운동하다,I,exercise
운동화,I,sports shoes
운전하다,I,drive
울다,I,cry
울리다,I,"make cry, chime"
움직이다,I,move
웃기다,I,"funny, make someone laugh"
웃다,I,laugh
원,I,won (currency units of Korea)
원피스,I,one-piece dress
원하다,I,"want, wish, desire"
월,I,month
월급,I,monthly salary
월드컵,I,world cup
월세,I,monthly rent
월요일,I,Monday
웬일,I,"for some reason,  What was it?"
위,I,"top, up"
위치,I,"location, position"
위하다,I,"for, in favor of, for the sake of"
위험하다,I,dangerous
유럽,I,Europe
유리,I,glass
유명하다,I,famous
유월,I,June
유학,I,study abroad
유학생,I,"foreign student, international student"
유행,I,trend
육,I,6
육십,I,60
은행,I,bank
은행원,I,bank clerk
음료수,I,"drink, soft drink"
음반,I,record
음식,I,"food, cooking"
음악,I,music
음악가,I,musician
응,I,Yeah (answer)
의미,I,meaning
의사,I,doctor
의자,I,chair
이,I,"this, tooth, 2"
이거,I,this
이것,I,this
이곳,I,"this place, here"
이따가,I,later
이런,I,"this, such ~"
이렇게,I,"like this, so, in this way"
이렇다,I,like this
이름,I,name
이메일,I,e-mail
이모,I,maternal aunt
이모부,I,maternal uncle
이번,I,this time
이분,I,this person
이사,I,"move, moving"
이상,I,"more than, strange"
이상하다,I,"strange, funny, weird"
이십,I,20
이야기,I,story
이야기하다,I,talk
이용,I,usage
이용하다,I,use
이월,I,February
이유,I,reason
이제,I,now
이집트,I,Egypt
이쪽,I,"this way, here, this person"
이틀,I,two days
이해,I,understanding
이해하다,I,understand
인,I,"sign,  ~   person(s)"
인구,I,population
인기,I,popularity
인기스타,I,popular star
인도,I,India
인사,I,greetings
인사하다,I,greet
인삼,I,ginseng
인상,I,impression
인천,I,Incheon
인터넷,I,internet
인터뷰하다,I,interview
인형,I,doll
일,I,"work, 1, day"
일곱,I,7
일기,I,diary
일기예보,I,weather forecast
일본,I,Japan
일본드라마,I,Japanese drama
일본말,I,Japanese language
일본사람,I,Japanese people
일본어,I,Japanese language
일본요리,I,Japanese food
일상생활,I,everyday life
일식,I,"Japanese style, Japanese food"
일어나다,I,"rise, stand, occur"
일어서다,I,"get up, stand up"
일요일,I,Sunday
일월,I,January
일주일,I,one week
일찍,I,early
일하다,I,work
일흔,I,70
읽기,I,reading
읽다,I,read
잃다,I,lose
잃어버리다,I,lose
입,I,mouth
입구,I,entrance
입다,I,"put on, wear"
입원하다,I,hospitalize
입학,I,admission
있다,I,"have, there"
잊다,I,forget
잊어버리다,I,forget
자,I,"character, Here we go."
자기,I,"myself, own"
자다,I,sleep
자동차,I,"car, automobile"
자동차회사,I,car company
자료,I,"material, document"
자르다,I,cut
자리,I,"seat, location"
자신,I,"myself, own"
자연,I,nature
자유,I,freedom
자장면,I,Jajangmyeon
자전거,I,bicycle
자주,I,often
작년,I,last year
작다,I,small
작은아버지,I,uncle
작은어머니,I,aunt
잔,I,"glass, ~ cup(s)"
잔치,I,"party, feast"
잘,I,well
잘못,I,mistake
잘생기다,I,handsome
잘하다,I,"do well, good at"
잠,I,"slumbers, sleep"
잠깐,I,"for a while, a little"
잠시,I,"for a bit, for a while, a little"
잠자다,I,"sleep, go to bed"
잡다,I,"catch, grab, hold"
잡수시다,I,eat (honorific form)
잡지,I,magazine
장,I,"~ chapter(s), ~ sheet(s)"
장갑,I,gloves
장마,I,rainy season
장마철,I,rainy season
장미,I,rose
장소,I,place
장점,I,advantage
재료,I,material
재미없다,I,"not funny, uninteresting"
재미있다,I,interesting
재킷,I,jacket
저,I,that
저거,I,that
저것,I,that
저곳,I,over there
저기,I,"there, over there"
저녁,I,"dinner, evening, night"
저녁식사,I,dinner
저렇게,I,"like that, in that way"
저분,I,that person
저쪽,I,"there, over there"
저희,I,we
적,I,enemy
적다,I,"be few, write down"
전,I,"all, before"
전공,I,major
전기자동차,I,electric car
전자사전,I,electronic dictionary
전하다,I,tell
전혀,I,not at all
전화,I,telephone
전화기,I,telephone
전화번호,I,phone number
절,I,"~ section(s), temple"
절대,I,"never, absolutely"
젊다,I,young
점,I,point
점수,I,"score, point"
점심,I,lunch
점심시간,I,lunchtime
점심식사,I,lunch
점원,I,clerk
점퍼,I,jacket
젓가락,I,chopsticks
정거장,I,"station, depot"
정도,I,degree
정류장,I,"station, bus stop"
정리하다,I,"straighten out, organize"
정말,I,"really, truly"
정문,I,"front door, main gate"
정보,I,information
정하다,I,"choose, establish"
제가,I,I
제목,I,title
제일,I,most
제주도,I,Jeju Island
조금,I,a little
조사하다,I,investigate
조선,I,"shipbuilding, Korea"
조선말,I,Korean language
조선어,I,Korean language
조심하다,I,"be careful, warn"
조용하다,I,"silent, quiet"
조용히,I,quietly
조카,I,nephew
졸업,I,graduation
졸업하다,I,graduate
좀,I,a little
좀더,I,a little more
좁다,I,narrow
종로,I,Jong-ro
종류,I,"kind, type"
종업원,I,employee
종이,I,paper
종일,I,all day
좋다,I,good
좋아하다,I,like
죄송하다,I,sorry
주,I,week
주다,I,give
주로,I,mainly
주말,I,weekend
주머니,I,"pocket, pouch"
주무시다,I,"sleep, rest"
주문하다,I,order
주변,I,around
주부,I,housewife
주사,I,injection
주소,I,address
주스,I,juice
주위,I,around
주인,I,owner
주차장,I,parking lot
주차하다,I,park
주황색,I,orange color
죽,I,"bamboo, porridge"
죽다,I,die
준비,I,preparation
준비하다,I,prepare
줄,I,"line, column, string"
줄다,I,"shrink, decrease"
중,I,"medium, during"
중국,I,China
중국어,I,Chinese
중국집,I,Chinese restaurant
중식,I,Chinese cuisine
중심,I,center
중요,I,importance
중요하다,I,important
중학교,I,"middle school, Junior high school"
중학생,I,middle school student
즐거워하다,I,have fun
즐겁다,I,"fun, be pleasant"
즐기다,I,"enjoy, have fun"
증세,I,"symptom, medical condition"
지각,I,"tardy, being late"
지갑,I,wallet
지금,I,now
지나다,I,pass by
지난달,I,last month
지난번,I,last time
지난주,I,last week
지내다,I,"stay, spend, live"
지다,I,lose
지도,I,map
지방,I,"fat, region"
지우개,I,eraser
지키다,I,protect
지하,I,underground
지하도,I,underpass
지하철,I,subway
지하철역,I,subway station
직업,I,"job, profession"
직원,I,"employee, staff"
직장,I,workplace
직접,I,"directly, direct"
진달래,I,azalea
질,I,quality
질문,I,question
질문하다,I,ask a question
짐,I,"load, baggage"
집,I,"house, shop"
짓다,I,"build, create"
짜다,I,"salty, make (the plan)"
짜리,I,a value (won coin)
짧다,I,short
쪽,I,"side, page"
쯤,I,"about, around ~"
찌개,I,"stew, soup"
찍다,I,"pierce, take (a photo), press"
차,I,"car, tea"
차갑다,I,cold
차다,I,kick
차리다,I,"prepare, arrange"
착하다,I,"be good, friendly"
참,I,"really, very"
창문,I,window
찾다,I,"find, visit"
찾아가다,I,go to visit
찾아오다,I,come to visit
채소,I,vegetable
책,I,book
책방,I,bookstore
책상,I,desk
책임,I,responsibility
책장,I,bookshelf
처음,I,"first, for the first time"
처음 뵙겠습니다,I,Nice to meet you.
천,I,1000
천천히,I,slowly
철,I,"iron, season"
첫,I,first
첫째,I,first
청바지,I,blue jeans
청소기,I,vacuum cleaner
청소하다,I,"sweep, clean"
초,I,~second(s)
초대하다,I,invite
초등학교,I,elementary school
초등학생,I,elementary student
초록색,I,green color
초콜릿,I,chocolate
촬영하다,I,take a picture
최고,I,"best, the highest"
추다,I,dance
추석,I,Chusoku (Korean Thanksgiving Day)
추억,I,memory
축구,I,"football, soccer"
축제,I,festival
축하,I,celebration
축하하다,I,celebrate
축하합니다,I,congratulations
출구,I,exit
출근하다,I,go to work
출발,I,"start, departure"
출발하다,I,depart
출장,I,business trip
춤,I,dance
춤추다,I,dance
춥다,I,cold
취미,I,hobby
취소하다,I,cancel
취직하다,I,get a job
층,I,"layer, ~ floor"
치과,I,"dentist, dentistry"
치료하다,I,treat
치마,I,skirt
치약,I,toothpaste
친구,I,friend
친절하다,I,be kind
친척,I,relative
친하다,I,"close, familiar"
칠,I,7
칠십,I,70
칠월,I,July
칠판,I,blackboard
침대,I,bed
칫솔,I,toothbrush
카드,I,card
카레,I,curry
카메라,I,camera
카페,I,"cafe, coffee shops"
칼,I,"knife, cutlery, swords"
캐나다,I,Canada
커피,I,coffee
커피숍,I,coffee shop
컴퓨터,I,"computer, PC"
컵,I,cup
케이크,I,cake
켜다,I,"turn on (the light, the power, etc.)"
코,I,nose
코트,I,coat
코피,I,nosebleed
콜라,I,Coke
콧노래,I,humming
콧물,I,"snot, nasal discharge"
콩,I,"bean, soy"
크기,I,size
크다,I,"big, large"
크리스마스,I,Christmas
큰아버지,I,uncle
큰어머니,I,aunt
키,I,"key, height"
킬로그램,I,kilogram
킬로미터,I,kilometer
타다,I,"ride, get on"
타월,I,towel
탁구,I,table tennis
태국,I,Thailand
태권도,I,Taekwondo
태어나다,I,be born
태풍,I,typhoon
택시,I,taxi
탤런트,I,entertainers
터미널,I,terminal
테니스,I,tennis
테이블,I,table
텔레비전,I,TV
토마토,I,tomato
토요일,I,Saturday
통,I,"barrel, ~ package(s)"
통장,I,"bank book, (deposit) passbook"
통하다,I,"pass, lead"
퇴근하다,I,leave the office
특별히,I,especially
특징,I,"characteristic, feature"
특히,I,"especially, in particular"
틀다,I,turn on (the switch)
틀리다,I,wrong
티셔츠,I,t-shirt
팀,I,team
파,I,"wave, green onion"
파란색,I,blue color
파랗다,I,blue
파티,I,party
팔,I,8
팔다,I,sell
팔리다,I,"sell, be sold"
팔십,I,80
팔월,I,August
패션,I,fashion
퍼센트,I,percent
페이지,I,page
펜,I,pen
펴다,I,"spread, stretch"
편,I,"side, episode"
편지,I,letter
편하다,I,"comfortable, easy, convenient"
평양,I,Pyongyang
평일,I,weekday
포도,I,grape
포장,I,packing
표,I,"table, ticket"
표현,I,expression
푹,I,deeply
풀,I,"pool, grass"
풀다,I,solve
프랑스,I,France
프로그램,I,program
프린트,I,print
피,I,blood
피곤하다,I,tired
피다,I,bloom
피아노,I,piano
피우다,I,"smoke, bloom"
피자,I,pizza
필름,I,film
필요,I,necessity
필요하다,I,need
필통,I,pencil case
하나,I,1
하늘,I,sky
하늘색,I,"sky blue, light blue"
하다,I,"do, say"
하루,I,one day
하숙,I,"boarding house, lodging house"
하숙집,I,"boarding house, lodging house"
하얀색,I,white color
하얗다,I,white
하지만,I,"but, however"
학,I,crane
학교,I,school
학기,I,semester
학년,I,"grade, school year"
학생,I,student
학생증,I,student ID card
학원,I,"academy, school"
한,I,"one, one of the ~"
한강,I,"Han River, Hangang"
한국,I,Korea
한국드라마,I,Korean drama
한국말,I,Korean language
한국사람,I,Korean people
한국어,I,Korean language
한국요리,I,Korean cuisine
한글,I,Hangul
한번,I,once
한복,I,"Hanbok, Korean traditional clothes"
한식,I,Korean cuisine
한자,I,Chinese character
할머니,I,grandmother
할아버지,I,grandfather
할인,I,"sale, discount"
함께,I,together
합격,I,pass
항상,I,always
해,I,"year, sun"
해외,I,overseas
해외여행,I,overseas trip
핸드폰,I,"cell phone, mobile phone"
햄버거,I,hamburger
햇빛,I,"sunshine, sunlight"
행복,I,happiness
행복하다,I,happy
행사,I,event
허리,I,"waist, hip"
현금,I,cash
현재,I,"now, current"
형,I,brother (as seen from the younger brother)
형님,I,big brother (honorific form)
형제,I,sibling
호,I,No. ~
호랑이,I,tiger
호주,I,Australia
호텔,I,hotel
혼자,I,alone
홈페이지,I,home page
홍차,I,black tea
화,I,anger
화가,I,"artist, painter"
화나다,I,angry
화내다,I,get angry
화요일,I,Tuesday
화장실,I,"restroom, toilet, lavatory"
화장품,I,cosmetics
화장하다,I,makeup
확인하다,I,"confirm, check"
환영하다,I,welcome
환자,I,patient
회사,I,company
회사원,I,employee
회색,I,grey
회의,I,conference
횡단보도,I,crosswalk
후,I,after
후배,I,Junior
휴가,I,"vacation, holiday"
휴대전화,I,"cell phone, mobile phone"
휴일,I,holiday
휴지,I,toilet paper
휴지통,I,trash can
흐리다,I,cloudy
흰색,I,white color
힘,I,power
가계부,II,household account book
가구점,II,furniture store
가까이,II,near
가꾸다,II,to cultivate
가난,II,poverty
가늘다,II,to be thin
가능,II,"possibility, potentiality"
가능성,II,possibility
가능하다,II,to be possible
가득,II,full
가라앉다,II,to sink
가렵다,II,to be itchy
가루비누,II,powder soap
가리다,II,to distinguish
가리키다,II,to indicate
가만히,II,motionlessly
가뭄,II,drought
가사,II,housework
가상,II,virtual
가스,II,gas
가습기,II,humidifier
가입,II,entry
가전제품,II,home appliances
가정,II,family
가족적,II,being family-oriented
가축,II,livestock
가치,II,value
각각,II,"separately, each"
각자,II,each one
각종,II,various
간격,II,interval
간절히,II,eagerly
간접적,II,being indirect
간판,II,signboard
간호,II,nursing
갈다,II,to change
갈등,II,conflict
갈수록,II,more and more
갈아입다,II,to change clothes
감각,II,sense
감기다,II,to be twined
감독,II,director
감동적,II,moving (emotionally)
감상,II,appreciation
감소,II,reduction
감정,II,emotion
감탄,II,admiration
강물,II,river water
강변,II,riverside
강사,II,teacher
강수량,II,rain precipitation
강연,II,lecture
강우량,II,(the amount of) rainfall
강의,II,lecture
강의실,II,lecture hall
강조,II,emphasis
강하다,II,to be strong
갖추다,II,to prepare
갚다,II,"to return, to reward"
개강,II,start of course (lecture)
개구리,II,frog
개구쟁이,II,naughty child
개다,II,to clear up
개막식,II,opening ceremony
개발,II,development
개방,II,"opening, opening to the public"
개방적,II,being open
개선,II,improvement
개성,II,individuality
개성적,II,being characteristic
개인적,II,being personal
개최,II,hosting (an event)
객관적,II,being objective
객실,II,guest room
갸름하다,II,to be slim and long
걔,II,that person
거래,II,transaction
거미,II,spider
거북이,II,turtle
거스름돈,II,change
거절,II,rejection
거짓,II,lies
거치다,II,to go through
거품,II,bubble
걱정거리,II,worries
건강식,II,healthy diet
건강식품,II,healthy food
건너,II,across
건네다,II,"to hand over, to start (a conversation)"
건더기,II,solid ingredients of a soup
건망증,II,forgetfulness
건설,II,construction
건전지,II,batteries
건조,II,dry
건축,II,architecture
건축가,II,architect
걸레,II,rag
걸레질,II,mopping
걸음,II,steps
검다,II,black
검사,II,inspection
검색,II,search
검색어,II,search word
겁,II,fear
겉,II,"side, outside"
겉모습,II,appearance
게다가,II,"besides, in addition"
게시판,II,bulletin board
게으르다,II,to be lazy
게임기,II,game machine
겨우,II,"barely, finally"
격려,II,encouragement
겪다,II,"to experience, to go through"
견디다,II,to endure
결과적,II,being as a result
결국,II,after all
결론,II,conclusion
결말,II,end (of a story)
결석,II,absence
결승전,II,final game/round
결심,II,decision
결코,II,never
결혼기념일,II,wedding anniversary
결혼식장,II,wedding hall
겸손,II,humility
겹치다,II,overlap
경고,II,warning
경력,II,career
경비,II,security
경비원,II,security guard
경영,II,management
경영자,II,"executive, CEO"
경영학,II,business administration
경우,II,"case, circumstance"
경쟁,II,competition
경쟁력,II,competitiveness
경제,II,economy
경제력,II,economic power
경제적,II,being economic
경제학,II,economics
계산,II,"calculation, accounting"
계산대,II,cashier
계산서,II,"check, bill"
계약,II,contract
계약금,II,down payment
계약서,II,(written) contract
계좌,II,bank account
계층,II,hierarchy
계획성,II,planning
계획적,II,"being planned, as planned"
고개,II,"head, hill"
고객,II,"client, customer"
고구마,II,sweet potato
고궁,II,traditional Korean palace
고급,II,high grade
고래,II,whale
고마움,II,thankfulness
고무신,II,rubber shoes
고무줄,II,rubber band
고민,II,"worry, trouble"
고백,II,confession
고생,II,hardship
고소하다,II,to be nutty
고속,II,high speed
고속도로,II,highway
고아원,II,orphanage
고유하다,II,unique
고지서,II,notice
고집,II,persistence
고춧가루,II,pepper powder
고층,II,upper floors
고통,II,pain
곤란,II,difficulty
골고루,II,evenly
골목길,II,alley
골치가 아프다,II,to be annoying
곰,II,bear
곱슬머리,II,natural curly hair
곳곳,II,"here and there, everywhere"
공공요금,II,utility charges
공공장소,II,public place
공동,II,joint
공동생활,II,community life
공사,II,construction
공손하다,II,to be polite
공연장,II,performance hall
공장,II,factory
공주,II,princess
공통,II,common
공통점,II,common point
공포,II,fear
공해,II,pollution
과로,II,overwork
과목,II,(class) subject
과소비,II,waste (of use)
과속,II,speed violation
과식,II,overeating
과연,II,as expected
과외,II,tutor lesson
과음,II,excessive drinking
과장,II,manager
과장하다,II,to exaggerate
과정,II,process
과제,II,task
과학자,II,scientists
과학적,II,being scientific
관객,II,audience
관계없다,II,to be unrelated
관계자,II,the person concerned
관광,II,tourism
관광객,II,tourist
관광지,II,tourist attraction
관람,II,viewing
관람객,II,audience
관련,II,relation
관련성,II,relevance
관리,II,management
관리실,II,management room
관용어,II,idiom
관찰,II,observation
광장,II,"square, plaza"
괜히,II,for no reason
괴로움,II,"agony, distress"
괴로워하다,II,to be distressed
괴롭다,II,to be painful
괴롭히다,II,"to harass, to bully"
굉장하다,II,"to be great, to be wonderful"
굉장히,II,"extremely, to a great extent"
교사,II,teacher
교외,II,suburbs
교육,II,education
교육자,II,educator
교육학,II,pedagogy
교재,II,teaching materials
교통수단,II,transportation
교통편,II,transportation
교포,II,overseas resident
교환,II,exchange
구두쇠,II,a stingy person
구르다,II,to roll
구매,II,purchase
구멍,II,hole
구별,II,distinction
구분,II,classification
구성,II,composition
구이,II,grill
구인,II,a job offer
구입,II,purchase
구조,II,structure
구조대,II,rescue team
구체적,II,being specific
국가,II,nation
국그릇,II,soup bowl
국내선,II,domestic flights
국문학,II,(the country's) literature
국물,II,soup bowl
국민,II,citizens
국악,II,traditional Korean music
국외,II,overseas resident
국제결혼,II,international marriage
국제선,II,international flights
국화,II,chrysanthemum
군대,II,army
군데,II,place
굵다,II,to be thick
궁금증,II,curiosity
궁금하다,II,to be curious
권하다,II,"to recommend, to offer"
귀걸이,II,earrings
귀국,II,return (to home country)
귀신,II,ghost
귀중하다,II,to be valuable
귀찮다,II,"to be bothersome, to be tedious"
귀하다,II,"to be noble, to be rare, to be fine"
규칙적,II,being regular
그네,II,swing
그녀,II,girlfriend
그늘,II,shade
그대로,II,as it is
그래도,II,(but) still
그래야,II,so that
그래프,II,graph
그러니,II,therefore
그러다가,II,and then
그러므로,II,hence
그러자,II,and then
그러하다,II,"so, as such, like that"
그루,II,"(how to count trees), stump"
그룹,II,group
그리,II,"so, very, that"
그리워하다,II,"to miss, to be nostalgic"
그리하여,II,then
그림책,II,picture book
그립다,II,"to be nostalgic, to be missed"
그만두다,II,to quit
그만큼,II,that much
그저,II,just
근데,II,by the way
근로자,II,"worker, laborer"
근무,II,work
근육,II,muscle
글쎄,II,oh well
글쓴이,II,author
글씨,II,letter
글자,II,letter
긁다,II,to scratch
금,II,gold
금메달,II,gold medal
금액,II,amount of money
금지,II,ban
급히,II,suddenly
긍정적,II,"being positive, being affirmative"
기계,II,machine
기념,II,commemoration
기념관,II,memorial hall
기념일,II,anniversary
기념품,II,souvenir
기능,II,function
기다,II,to crawl
기대,II,expectation
기도,II,prayer
기둥,II,pillar
기록,II,record
기본,II,basic
기본적,II,"being fundamental, being basic"
기부,II,donation
기쁨,II,"joy, happiness"
기술,II,"skill, technique"
기술자,II,technician
기억,II,memory
기억나다,II,"to remember, to recall"
기억력,II,memory
기업,II,"company, corporation"
기업인,II,entrepreneur
기운,II,"energy, qi"
기울이다,II,to tilt
기준,II,"standard, criteria"
기차역,II,train station
기차표,II,train ticket
기초,II,"basic, fundamental"
기행문,II,"travelogue, travel essay"
기호,II,symbol
기혼,II,married
기회,II,"opportunity, change"
기후,II,climate
긴장감,II,nervousness
길가,II,roadside
길거리,II,street
길이,II,lenth
김장,II,a custom/event to make Kimchi in winter
깊다,II,to be deep
깊이,II,depth
까다,II,to peel
까다롭다,II,to have a high standard
깔다,II,to lay
깜빡,II,"forgetfully, with a blink"
깨끗이,II,clearly
깨닫다,II,to realize
깨뜨리다,II,to break
깨소금,II,sesame salt
깨우다,II,to wake someone up
깻잎,II,sesame leaf
꺼지다,II,"to go out, to be extinguished"
껍질,II,"peel, skin"
꼬리,II,tail
꼬박꼬박,II,"properly (without failure), faithfully"
꼭대기,II,"summit, top"
꼴찌,II,the last place
꼼꼼하다,II,to be meticulous
꼼꼼히,II,"thoroughly, meticulously"
꽃병,II,flower vase
꽤,II,quite
꾸미다,II,to decorate
꾸준히,II,steadily
꾸짖다,II,to scold
꿀,II,honey
꿀벌,II,honey bee
꿈꾸다,II,to dream
끈,II,string
끊다,II,to cut
끊어지다,II,to be cut
끊임없다,II,"to be incessant, to be unceasing"
끌다,II,to pull
끝내,II,"finally, eventually"
끼어들다,II,to interrupt
나날이,II,day by day
나들이,II,picnic
나름,II,depends on
나머지,II,"remainder, surplus"
나물,II,(Korean style) seasoned vegetables
나뭇잎,II,leaf
나서다,II,"to go forward, to get involved"
나아가다,II,to move on
나아지다,II,to improve
나타내다,II,"to display, to reveal"
낙서,II,doodle
낙엽,II,fallen leaves
난로,II,"stove, fireplace"
난방,II,heater
날개,II,wings
날다,II,to fly
날로,II,day by day
날리다,II,to blow away
날씬하다,II,skinny
날아가다,II,to fly away
날아다니다,II,to fly around
날아오다,II,to fly in
날아오르다,II,"to fly up, to soar"
낡다,II,to be old
남녀노소,II,men and women of all ages
남녀평등,II,gender equality
남다,II,"to remain, to be left"
남부,II,southern
남성,II,male
남성복,II,men's clothing
낫다,II,to heal
낭비,II,waste (of use)
낯설다,II,to be unfamiliar
낳다,II,to give birth
내내,II,always
내려다보다,II,to look down
내복,II,underwear
내부,II,"inside, internal"
내성적,II,being shy
내용물,II,content (of a container)
내쫓다,II,to kick out
냇가,II,"stream, lake"
냉방병,II,excessive air conditioning syndrome
너그럽다,II,to be generous
너무나,II,"too~, very"
넉넉하다,II,"to be enough, to be rich"
널다,II,"to dry, to expose to the air"
넓히다,II,to widen
넘기다,II,to hand over
넘어가다,II,to move on to
넘치다,II,to overflow
네모나다,II,to be squared
네트워크,II,network
년대,II,age
노동,II,labor
노동자,II,laborer
노력,II,effort
노선,II,"route, line"
노약자,II,elderly and physically handicapped
노인,II,elderly
노처녀,II,an unmarried and old woman
노총각,II,unmarried and old man
노트북,II,laptop
녹다,II,to be melt
녹음,II,voice recording
녹음기,II,voice recorder
논문,II,(academic) paper
놀랍다,II,"to be amazing, to be remarkable"
놀리다,II,to make fun of
놀이,II,"play, game"
놀이터,II,playground
놈,II,guy
농담,II,joke
농민,II,farmer
농부,II,farmer
농사,II,agriculture
농약,II,pesticides
농작물,II,crops
농촌,II,rural
높이,II,height
높이다,II,to increase
높임말,II,honorifics
놓이다,II,to be placed
놓치다,II,"to miss, to lose"
눈길,II,"glance, attention"
눈높이,II,eye-level
눈병,II,eye disease
눈보라,II,snowstorm
눈사태,II,avalanche
눈썹,II,eyebrow
눈치,II,"wits, sense"
눌러쓰다,II,to wear deeply
느긋하다,II,"to be lazy, to be laid back"
느끼하다,II,to be greasy
늘리다,II,to increase (the number or volume)
늘어나다,II,"to stretch, to increase"
늘어서다,II,to line up
늙다,II,to get old
늦추다,II,to delay
다가오다,II,"to approach, to come closer"
다녀가다,II,to visit
다람쥐,II,squirrel
다루다,II,to deal with
다림질,II,ironing
다수,II,many
다양하다,II,to be varied
다음날,II,next day
다정하다,II,"to be compassionate, to be kind"
다투다,II,"to argue, to fight"
다행,II,"fortune, luck"
다행히,II,fortunately
단계,II,"stage, step"
단골,II,regular (customer)
단기간,II,short term
단단하다,II,"to be solid, to be hard, to be strong"
단발머리,II,(women's) short hairstyle
단백질,II,protein
단속,II,"control, regulate (illegal action)"
단순하다,II,to be simple
단순히,II,simply
단위,II,unit
단정하다,II,"to be neat, to be organized"
단체,II,group
단풍,II,"autumn leaves, maple"
달라지다,II,to change
달려가다,II,to run (to go)
달려오다,II,to run (to come)
달리,II,"besides, differently"
달리기,II,running
달밤,II,moonlit night
달아나다,II,to escape
달콤하다,II,to be sweet
닭갈비,II,Korean style chicken dish
담,II,"wall, fence, hedge"
담기다,II,to be put in (a container)
담다,II,to put in (a container)
담당,II,being in charge
담당자,II,person in charge
담백하다,II,"to be pure, to be innocent"
담뱃불,II,tobacco fire
담임,II,homeroom teacher
답,II,answer
답글,II,reply
답답하다,II,"to be stuffy, to be suffocating"
답변,II,answer
당기다,II,to pull
당분간,II,for a while (from now on)
당연하다,II,"to be natural,to be justifiable,to be fair"
당연히,II,of course
당장,II,"immediately, for now"
당하다,II,to be done
당황하다,II,"to be embarrassed, to be bewildered"
대개,II,"mostly, usually"
대기업,II,large company
대다,II,to touch
대단하다,II,to be great
대단히,II,greatly
대도시,II,big city
대량,II,"mass, a large amount"
대리,II,substitute
대문,II,"door, gate"
대신,II,in substitute
대여,II,rental
대여료,II,rental charge
대접,II,hospitality
대중,II,public
대중교통,II,public transportation
대중목욕탕,II,public bath
대책,II,countermeasures
대청소,II,housecleaning
대체로,II,"usually, in general"
대출,II,"loan, lend"
대통령,II,president (of a country)
대표,II,representative
대표적,II,"being representative, being typical"
대형,II,large size
댄스,II,dance
더구나,II,"furthermore, moreover"
더러워지다,II,to get dirty
더욱,II,even more
더위,II,"heat, hotness"
더하다,II,"to add on, to get worse"
덕,II,thanks (to someone)
던지다,II,to throw
덜,II,"less, not yet"
덜다,II,to cut back
데다,II,to get burned
데려오다,II,to bring
데치다,II,to boil quickly
도구,II,tool
도난,II,theft
도대체,II,how on earth
도둑,II,thief
도망가다,II,"to escape, to run away"
도서,II,books
도시락,II,lunchbox
도장,II,"seal, stamp"
도전,II,challenge
도중,II,on the way
독,II,poison
독감,II,"influenza, flu"
독립,II,independence
독방,II,"room to oneself, solitary confinement"
독신자,II,"an unmarried, single person"
독특하다,II,to be unique
돌,II,"stone, rock"
돌다,II,"to spin, to get around"
돌려받다,II,to get returned
돌려보내다,II,to return
돌려주다,II,to return
돌리다,II,to turn
돌보다,II,to take care
돌솥,II,stone pot
돌아다니다,II,to walk around
돌아보다,II,to look back
돌아서다,II,to turn back
돌잔치,II,1st birthday
동굴,II,cave
동료,II,colleague
동물원,II,zoo
동부,II,eastern part
동서양,II,eastern and western
동시,II,simultaneous
동양화,II,oriental painting
동영상,II,video
동일하다,II,being the same
동작,II,"motion, action"
동창,II,alumni
동창회,II,alumni association
동해안,II,east coast
동호회,II,club
동화,II,fairy tale
동화책,II,children's book
되도록,II,as much as possible
되돌리다,II,to regain
되돌아보다,II,"to look back, to think back"
되살아나다,II,to revive
두려움,II,fear
두려워하다,II,to fear
두세,II,"two, three"
두통,II,headache
두통약,II,headache pill/medicine
둔하다,II,to be dull
둘러보다,II,to look around
둥글다,II,to be round
뒤떨어지다,II,"to be inferior, to be behind"
뒤집다,II,to flip
뒤풀이,II,after-party
뒷모습,II,the back view
뒷문,II,back gate
뒷이야기,II,behind story
뒷자리,II,back seat
드디어,II,finally
드라이,II,dry
드림,II,dream
드물다,II,to be rare
든든하다,II,"to be reassuring, to be reliable"
들려주다,II,to tell (someone)
들르다,II,to stop by
들리다,II,to be heard
들어보다,II,to try hearing
들어주다,II,to listen (to someone)
들이다,II,"to spend (time, money)"
등록,II,register
등록금,II,"registration fee, tuition fee"
등록증,II,registration card
등불,II,"lights, lamp"
디스크,II,"disc, hernia"
디자이너,II,designer
디지털,II,digital
따다,II,"to pluck, to pick, to get"
따라다니다,II,to follow (after someone)
따라서,II,"therefore, hence"
따로따로,II,separately
따지다,II,to question closely
딱,II,"perfectly, just"
딱딱하다,II,"to be hard, to be stiff"
딴,II,"another, other"
땅,II,"land, ground"
땅콩,II,peanuts
때때로,II,sometimes
때로,II,now and then
떠오르다,II,to float
떨다,II,"to shiver, to shake"
떨리다,II,"to tremble, to be shaken"
떨어뜨리다,II,to drop
떼다,II,"to detach, to take away"
또박또박,II,"word by word, letter by letter"
또한,II,also
똑같이,II,"similarly, in the same manner"
똑똑하다,II,"to be clever, to be smart"
뚜렷하다,II,to be clear
뚫다,II,to make a hole
뚱뚱하다,II,to be fat
뛰어가다,II,to run
뛰어나다,II,to be superior
뛰어내리다,II,to jump off
뛰어넘다,II,to jump over
뛰어다니다,II,"to jump around, to run around"
뛰어오다,II,to run (to come)
뛰쳐나가다,II,"to rush out, to leap out"
뜨거워지다,II,to become hot
뜻밖에,II,unexpectedly
띠,II,zodiac
램프,II,lamp
레몬,II,lemon
레포츠,II,leisure sports
렌즈,II,lens
렌터카,II,car rental
로또,II,lottery
로봇,II,robot
로비,II,lobby
룸메이트,II,roommate
리듬,II,rhythm
리모컨,II,remote controller
마감일,II,"deadline, due date"
마네킹,II,mannequin
마당,II,garden
마디,II,section
마라톤,II,marathon
마련하다,II,"to provide, to prepare"
마루,II,indoor floor
마무리,II,conclusion
마술,II,magic
마스크,II,mask
마약,II,drug
마을,II,village
마음껏,II,as much as one wants
마음대로,II,as one wishes
마음먹다,II,to make up one's mind
마음씨,II,mindfulness
마주보다,II,to come face to face
마주치다,II,to meet (coincidentally)
마중,II,pick up
마찬가지,II,"being the same, in the same manner"
마치,II,"as if, just like"
마침,II,just happened to be
마침내,II,finally
마케팅,II,marketing
마트,II,supermarket
막,II,"insanely, do something without any order"
막내,II,the youngest
막다,II,to block
막대기,II,"rod, stick"
막차,II,last train
만남,II,"encounter, meeting"
만년필,II,fountain pen
만약,II,by any chance
만족,II,satisfaction
만족감,II,satisfaction (feeling)
만화책,II,cartoon book
맏딸,II,eldest daughter
맏아들,II,eldest son
말다툼,II,quarrel
말리다,II,to stop (conflict)
말투,II,the way one speaks
맛보다,II,to taste
망가뜨리다,II,"to break, to ruin"
망가지다,II,"to be broken, to be ruined"
망설이다,II,to hesitate
망하다,II,"to perish, to breakdown"
맞벌이,II,dual-income family
맞이,II,greeting
맞추다,II,to assemble
맡기다,II,to entrust
맡다,II,"to take over, to undertake"
매년,II,"annually, every year"
매달,II,"monthly, every month"
매력,II,attraction
매력적,II,being attractive
매연,II,soot
매운탕,II,spicy fish soup
매점,II,shop
매진,II,sold out
매체,II,medium
매콤하다,II,to be sweet and spicy
매표소,II,ticket office
맨발,II,barefoot
맨손,II,bare hands
맹인,II,blind person
맺다,II,to tie
머리카락,II,hair
머무르다,II,to stay
머지않다,II,to be not distant
먹을거리,II,food
먹이,II,(animal) feed
먹이다,II,to feed
먼지,II,dust
멀리,II,far away
멀티미디어실,II,multimedia room
멈추다,II,to stop
멋지다,II,"to be fantastic, to be amazing"
멍,II,bruise
메일,II,e-mail
멜로디,II,melody
멜론,II,melon
며느리,II,daughter-in-law
면,II,"side, noodles"
면세점,II,duty-free shop
면접,II,interview
면접관,II,interviewer
면접시험,II,interview test
면허증,II,license
명랑,II,"cheerfulness, brightness"
명랑하다,II,"to be cheerful, to be bright"
명사,II,noun
명소,II,famous place
명품,II,"masterpiece, designer goods"
몇몇,II,"some, few"
모국어,II,native language
모기,II,mosquito
모델,II,model
모래,II,sand
모범생,II,model student
모습,II,appearance
모음,II,vowel
모자라다,II,to be insufficient
모집,II,recruitment
모험심,II,adventurous mind
모형,II,"model, figure"
목마르다,II,to be thirsty
목사,II,pastor
목숨,II,life
목욕탕,II,public bath
목적지,II,destination
목표,II,"target, goal"
몰라보다,II,"to be unaware of, to not realize"
몰래,II,secretly
몰려들다,II,to gather
몰리다,II,to get crowded
몸무게,II,bodyweight
몸짓,II,gesture
몹시,II,"very, terribly"
못생기다,II,to be ugly
무게,II,weight
무관심,II,indifference
무너지다,II,"to collapse, to be pulled down"
무늬,II,pattern
무대,II,(performance) stage
무더위,II,extreme heat (in summer)
무덤,II,tomb
무덥다,II,to be hot and humid
무렵,II,around (the time)
무사히,II,safely
무서워하다,II,to be scared
무선,II,wireless
무소식,II,no news
무시,II,"disregard, neglect"
무인,II,"unmanned, no person"
무조건,II,absolutely
무지개,II,rainbow
무통장 입금,II,"electronic transfer, ATM deposit"
묵다,II,to stay (at a hotel)
묶다,II,"to bundle, to tie"
문구,II,stationery
문명,II,civilization
문법,II,grammar
문병,II,a visit to a sick person
문서,II,documents
문의,II,inquiry
문자,II,"SMS, short messages, letters"
문제점,II,problem
문학,II,literature
문화생활,II,cultural life
문화유산,II,cultural heritage
문화적,II,being cultural
묻히다,II,"to put on, to get buried"
물가,II,price
물고기,II,fish
물냉면,II,Korean cold noodle
물다,II,to bite
물러서다,II,"to step back, to withdraw"
물려주다,II,"to pass on, to leave"
물리다,II,"to be stung, to get bitten"
물방울,II,water drop
물약,II,liquid medicine
물음,II,question
물질,II,quality
물품,II,"product, goods"
뮤지컬,II,musical
미끄러지다,II,to slide
미끄럽다,II,to be slippery
미루다,II,"to procrastinate, to extend"
미소,II,smile
미역,II,seaweed
미역국,II,seaweed soup
미용사,II,barber
미인,II,beautiful woman
미치다,II,"to go mad, to be crazy"
미팅,II,blind date
미혼,II,"an unmarried, single person"
민박,II,"lodge, a local hotel"
민속,II,folklore
민속놀이,II,folk play
민요,II,folk song
민족,II,ethnic group
믿다,II,to believe in
믿음,II,"trust, faith"
믿음직스럽다,II,to be reliable
믿음직하다,II,to be trustworthy
밀다,II,to push
밀려오다,II,"to rush in, to be pushed into"
밀리미터,II,millimeter
밉다,II,"to hate, to be annoying"
및,II,and
밑줄,II,underline
바가지,II,gourd
바구니,II,basket
바깥,II,"outside, outdoor"
바느질,II,needlework
바늘,II,needle
바닥,II,"bottom, floor"
바닥나다,II,to run out
바닷물,II,seawater
바둑,II,game of go
바라보다,II,to look at
바보,II,"idiot, stupid"
바위,II,"rock, stone"
바이러스,II,virus
바퀴,II,wheels
바탕,II,"background, foundation"
박사,II,"doctoral degree, Ph.D."
박스,II,box
반가워하다,II,"to be pleased, to be glad"
반납,II,return
반납일,II,return date
반대,II,opposite
반대말,II,opposite word
반대쪽,II,opposite side
반드시,II,"without fail, certainly"
반말,II,casual talk
반복,II,repeat
반성,II,"introspection, self-contemplation"
반응,II,reaction
반짝반짝,II,"shiny, sparkly"
반짝이다,II,"to shine, to glitter"
반품,II,refund
반하다,II,to fall in love
받아들이다,II,to accept
발걸음,II,footsteps
발견,II,discovery
발급,II,issuance
발달,II,development
발레,II,ballet
발명,II,invention
발목,II,ankle
발생,II,occurrence
발자국,II,footprints
발표자,II,presenter
발표회,II,presentation
밝히다,II,"to reveal, to disclose"
밟다,II,to step on
밤새,II,"all night, during the night"
밤새우다,II,to stay up all night
밥그릇,II,rice bowl
밥맛,II,"appetite, the taste of rice"
밥상,II,table for having a meal
방금,II,just now
방문,II,visit
방송사,II,broadcasting company
방식,II,"method, style"
방청객,II,audience
방해,II,"interference, interruption"
방향,II,direction
밭,II,(farm) field
배경,II,background
배꼽,II,belly button
배낭,II,backpack
배낭여행,II,backpack trip
배려,II,consideration
배우자,II,spouse
배추,II,cabbage
배터리,II,battery
뱀,II,snake
뱉다,II,to spit out
버릇,II,"habit, manner"
버릇없다,II,to have bad manners
버섯,II,mushroom
버튼,II,button
번역,II,translation
번호표,II,number ticket
벌금,II,fine
벌리다,II,"to open, to spread"
벌집,II,honeycomb
범위,II,range
범인,II,"criminal, offender"
범죄,II,crime
법,II,law
법원,II,court of law
벗기다,II,to take off (clothes)
벗어나다,II,to get out
베개,II,pillow
벨,II,bell
벨트,II,belt
벼,II,rice plant
벼락,II,thunder
벼룩시장,II,flea market
벽걸이,II,wall-hanging
벽돌,II,brick
변경,II,"change, alter"
변기,II,toilet bowl
변명,II,excuse
변비,II,constipation
변하다,II,to change
변화,II,change
별명,II,nickname
별일,II,"something else, something that has changed"
병문안,II,a visit to a sick person
보고,II,report
보고서,II,(written) report
보고회,II,reporting/briefing session
보관,II,storage
보관실,II,storage room
보기,II,"example, sample"
보너스,II,bonus
보람,II,the feeling of reward
보름,II,the fifteenth day of the calendar
보름달,II,full moon
보물,II,treasure
보살피다,II,to take care of
보약,II,"supplement, acupuncture medicine"
보증금,II,deposit
보충,II,replenishment
보험,II,insurance
보험금,II,insurance money
보험료,II,insurance fee
보호,II,protection
복,II,fortune
복권,II,lottery
복날,II,the day of the year to eat nourishing food
복도,II,"corridor, hallway"
복사,II,copy
복사기,II,copy machine
복습,II,review
복통,II,stomach ache
본론,II,main discussion topic
본문,II,the original literature
볼거리,II,highlights/fun things to see
볼륨,II,volume
볼링,II,bowling
볼링장,II,bowling gym
볼일,II,errand
봉사,II,volunteer
봉사자,II,volunteer person
부끄러워하다,II,to be ashamed of
부끄럽다,II,"to be shy, to be ashamed"
부담,II,"burden, pressure"
부딪치다,II,to collide
부딪히다,II,to get collided
부러워하다,II,to feel jealous
부러지다,II,to get broken
부럽다,II,to be envious of
부분,II,part
부사,II,advert
부상,II,injury
부상자,II,injured person
부서,II,department
부서지다,II,to be shattered
부자,II,rich person
부작용,II,side effects
부잣집,II,rich family
부정적,II,being negative
부족,II,"being not enough, lacking"
부주의,II,carelessness
부지런히,II,"eagerly, diligently"
부채,II,fan
부케,II,bouquet
부피,II,"size, volume"
분량,II,quantity
분리,II,separation
분리수거,II,garbage recycling
분명하다,II,"to be distinct, to be clear"
분명히,II,"clearly, explicitly"
분실,II,loss
분실물,II,lost and found
분홍색,II,pink color
불가능,II,impossibility
불가능하다,II,to be impossible
불경기,II,economic depression
불교,II,buddhism
불규칙,II,irregularity
불꽃놀이,II,firework
불량,II,"defective product, misconduct"
불만,II,dissatisfaction
불면증,II,insomnia
불법,II,illegal
불빛,II,"flame, light"
불쌍하다,II,to be pathetic
불안,II,anxiety
불안감,II,an anxious feeling
불어나다,II,"to increase, to become bigger"
불친절,II,to be unkind
불태우다,II,to burn
불편,II,inconvenience
불평,II,complaints
불필요,II,unnecessary
불행,II,misfortune
붉다,II,to be red
붐비다,II,to be crowded
붕어빵,II,baked bread with red beans inside (street food)
붙잡다,II,to catch
붙잡히다,II,to get caught
뷔페,II,buffet
브랜드,II,brand
브레이크,II,brake
블라인드,II,blind
블로그,II,blog
비교,II,comparison
비교적,II,being comparative
비닐,II,vinyl
비다,II,"to be vacant, to be empty"
비디오카메라,II,video camera
비록,II,even if
비만,II,obesity
비바람,II,"rain and wind, typhoon"
비비다,II,"to mix, to rub"
비빔냉면,II,Korean style cold noodles with spicy sauce
비상약,II,emergency medicine
비용,II,cost
비우다,II,to make something empty
비자,II,visa
비추다,II,to illuminate
비타민,II,vitamin
비하다,II,to compare
빗길,II,rainy road
빚,II,debt
빛,II,light
빠뜨리다,II,to drop
빠지다,II,"to fall in love, to sink down"
빠짐없이,II,all without exception
빨개지다,II,to get red
빼앗기다,II,to be taken away
빼앗다,II,to take away
뺨,II,cheek
뻔하다,II,"to be obvious, to be clear"
뻗다,II,to extend
뽑다,II,"to pull out, to choose"
뿌리,II,root
뿌리다,II,"to spray, to spread"
사건,II,incident
사고방식,II,way of thinking
사교적,II,being sociable
사귀다,II,to date
사라지다,II,to disappear
사로잡다,II,to capture
사막,II,desert
사망,II,death
사망자,II,"the dead, casualty, victim"
사모님,II,wife (of a boss)
사무소,II,office
사생활,II,privacy
사슴,II,deer
사실,II,fact
사업,II,business
사용료,II,usage fee
사용법,II,how to use
사우나,II,sauna
사은품,II,"appreciation gift, gift"
사이버,II,cyber
사이좋다,II,to be in a good relationship
사이트,II,website
사정,II,"circumstances, situation"
사진관,II,photo studio
사진첩,II,photo album
사춘기,II,puberty
사투리,II,dialect
사표,II,resignation
사회,II,society
사회생활,II,social life
사회자,II,"moderator, chairperson"
사회적,II,being social
산꼭대기,II,mountain summit
산더미,II,pile
산부인과,II,obstetrics and gynecology
산불,II,forest fire
산업,II,industry
산책로,II,walking path
살리다,II,"to keep someone alive, to bring someone to life"
살림,II,living
살아가다,II,to live
살아나다,II,to be saved
살아남다,II,to survive
살아오다,II,to come alive
살인,II,murder
살짝,II,"slightly, quietly"
살찌다,II,to get fat
살펴보다,II,"to explore, to observe"
살피다,II,"to explore, to observe"
삶,II,life
삶다,II,to boil
삼겹살,II,grilled pork belly
삼일절,II,Korean independence movement day
삼키다,II,to swallow
상,II,"prize, reward"
상가,II,"shopping street, shopping district"
상관없다,II,to have no relation
상관없이,II,regardless
상금,II,"prize money, reward"
상담,II,"consultation, counseling"
상담실,II,counseling room
상담원,II,counselor
상담자,II,consultant
상당히,II,"fairly, pretty"
상대,II,opponent
상대방,II,opponent
상대편,II,the other person
상상,II,imagination
상상력,II,imagination
상승,II,"rise, increase"
상식,II,"common knowledge, common sense"
상업,II,commerce
상업적,II,being commercial
상인,II,merchant
상점,II,store
상징,II,symbol
상쾌하다,II,to feel cool and fresh
상태,II,status
상표,II,label
상품권,II,gift certificate
상하다,II,"to get rotten, to get damaged"
상황,II,"situation, status"
새다,II,to dawn
새롭다,II,to be new
새어머니,II,stepmother
새우다,II,to stay overnight
새치기,II,cutting line/que
새해,II,new year
색다르다,II,"to be eccentric, to be unique, to be new"
색상,II,color
생각나다,II,"to remember, to recall"
생강차,II,ginger tea
생겨나다,II,"to emerge, to occur"
생김새,II,appearance
생략,II,"omission, deletion"
생머리,II,straight hair
생명,II,life
생산,II,production
생생하다,II,to be fresh
생중계,II,live broadcast
생필품,II,daily necessities
생활비,II,"cost of living, living stipend"
생활수준,II,quality of living
서너,II,three or four
서두르다,II,"to hurry, to rush"
서랍,II,drawer
서론,II,introduction
서명,II,signature
서부,II,western
서빙,II,serving
서서히,II,gradually
서운하다,II,"to be sorry, to be remorseful"
서투르다,II,"to be clumsy, to be unskilled"
석사,II,master's degree
석식,II,dinner
석유,II,"oil, petroleum"
석탄,II,coal
섞다,II,"to mix, to rub"
선,II,line
선글라스,II,sunglasses
선선하다,II,"to be cool, to be chilly"
선진국,II,developed country
선착순,II,order of arrival
설,II,theory
설득,II,persuasion
설마,II,no way
설명서,II,manual
설문조사,II,questionnaire
설문지,II,questionnaire
설사,II,"even if, for example, diarrhea"
섭섭하다,II,"to be sorry, to be regrettable"
성공,II,success
성능,II,"performance, function"
성당,II,catholic church
성명,II,"statement, signature"
성별,II,gender
성실,II,diligent
성인,II,adult
성인병,II,"adult diseases, lifestyle diseases"
성적,II,grades
성적표,II,grade report card
성형,II,plastic surgery
세계적,II,"being global, being worldwide"
세금,II,tax
세기,II,century
세다,II,to count
세대,II,generation
세련,II,sophistication
세면대,II,"washbasin, sink"
세면도구,II,"toiletries, washing accessories"
세미나,II,seminar
세배,II,"triple, 3 times"
세뱃돈,II,new year's money
세상,II,world
세월,II,years
세제,II,detergent
세탁물,II,laundry
셔츠,II,shirt
셔틀버스,II,shuttle bus
소감,II,"thoughts, feelings"
소개팅,II,blind date
소규모,II,small scale
소극장,II,small theater
소극적,II,being passive
소나기,II,(sudden) shower/rain
소년,II,young boy
소득,II,income
소망,II,hope
소매,II,sleeve
소매치기,II,pickpocketing
소문,II,"rumors, reputation"
소방관,II,firefighter
소방서,II,fire department
소방차,II,firetruck
소비,II,consumption
소비자,II,consumer
소설책,II,novel
소수,II,"minority, a small number"
소스,II,sauce
소심하다,II,"to be timid, to be cowardly"
소용,II,way of use
소용없다,II,useless
소원,II,wish
소음,II,noise
소주,II,"soju, a Korean liquor"
소중하다,II,to be important
소중히,II,"valuably, carefully"
소화,II,digestion
속다,II,to be tricked
속담,II,proverb
속도,II,speed
속도위반,II,speed violation
속력,II,speed
속상하다,II,"to be annoying, to be regretful, to be sad"
속옷,II,underwear
속이다,II,to deceive
손바닥,II,palm
손발,II,hands and legs
손쉽다,II,to be easy
손자,II,grandson
손잡이,II,"handle, rail"
손질,II,"trimming, repair"
솔직하다,II,to be honest
솔직히,II,"honestly, frankly"
솜씨,II,"skill, tricks"
송금,II,money transfer
쇠,II,iron
쇠고기,II,beef
쇼,II,show
쇼핑몰,II,shopping mall
쇼핑백,II,shopping bag
쇼핑센터,II,shopping center
수거,II,"pickup, collection"
수고,II,"hardship, hard work"
수단,II,"means, method"
수도꼭지,II,water faucet
수량,II,"quantity, amount"
수료식,II,completion ceremony
수리,II,repair
수리비,II,repair cost
수면,II,sleep
수면제,II,sleeping pills
수명,II,lifespan
수산물,II,seafood
수상,II,prime minister
수선,II,repair (clothes)
수선하다,II,to repair (clothes)
수수료,II,"commission, fee, charge"
수입,II,"import, income"
수정,II,"revision, crystal"
수준,II,level
수집,II,collection
수출,II,export
수표,II,(money) check
수학여행,II,school excursion
숙녀복,II,women's clothing
숙박,II,"lodging, accomodating"
숙박비,II,accommodation fee
숙소,II,accommodation
숙이다,II,"to get low, to bend low"
순간,II,moment
순두부찌개,II,Sundubu soup
술자리,II,drinking party
술잔,II,"glasses, cup"
술집,II,bar
숨기다,II,to hide (something)
숨다,II,to hide
숫자,II,numbers
숲,II,forest
스님,II,buddhist monk
스스로,II,by oneself
스캐너,II,scanner
스타일,II,style
스티커,II,stickers
스프,II,soup
스피커,II,speaker
슬리퍼,II,slipper
슬픔,II,"sorrow, sadness"
습기,II,moisture
습도,II,humidity
승강기,II,elevator
승객,II,passenger
승리,II,victory
승용차,II,passenger car
승진,II,promotion
승차,II,"riding, boarding"
시각,II,visual sense
시대,II,"era, generation"
시도,II,"attempt, trial"
시력,II,sight
시리다,II,"to feel a chill, to be painfully cold"
시부모님,II,parent-in-law
시스템,II,system
시아버지,II,father-in-law
시어머니,II,mother-in-law
시외버스,II,intercity bus
시인,II,poet
시집,II,"poetry collection, marriage (for women)"
시집가다,II,to get married (for women)
시청각실,II,multimedia room
시청자,II,"audience, viewer"
시합,II,"competition, match"
시험공부,II,studying for an exam
식,II,"formula, method"
식구,II,familly
식료품,II,grocery
식물,II,plant
식물원,II,botanical garden
식비,II,food expenses
식생활,II,diet
식습관,II,eating habits
식욕,II,appetite
식용유,II,cooking oil
식초,II,vinegar
식품,II,food
식후,II,after a meal
신고,II,report
신기다,II,to make someone wear (shoe)
신기술,II,new technology
신기하다,II,"to be mysterious, to be amazing, to be marvelous"
신나다,II,"to be excited, to have fun"
신도시,II,new city
신랑,II,groom
신랑감,II,groom candidate
신문사,II,newspaper company
신문지,II,newspaper
신부,II,"bride, father (christianity)"
신분증,II,identification document
신상품,II,new item
신선하다,II,to be fresh
신세대,II,new generation
신용,II,"credit, trust"
신입생,II,freshmen
신제품,II,new product
신청자,II,applicant
신체,II,body
신형,II,new model
신호,II,signal
신혼,II,newly married
신혼부부,II,"newlyweds, newly-married couple"
신혼여행,II,honeymoon
싣다,II,"to put on, to pile on"
실,II,"yarn, thread"
실내,II,indoor
실력,II,ability
실망,II,disappointment
실시,II,implementation
실용적,II,being practical
실은,II,"in fact, actually"
실제,II,"in fact, actually"
실제로,II,"in fact, actually"
실종,II,"disappearance, missing"
실종자,II,missing person
실천,II,"(put into) practice, action"
실컷,II,as much as one wants
실크,II,silk
실패,II,failure
실험,II,experiment
실험실,II,laboratory
싫증,II,"to get sick of, to get tired of"
심각하다,II,to be serious
심다,II,to plant
심리학,II,psychology
심리학자,II,psychologist
심부름,II,errand
심심하다,II,to be bored
심장,II,heart
심장병,II,heart disease
싱싱하다,II,"to be fresh, to be lively"
싱크대,II,sink
싸구려,II,cheap thing
싸움,II,fight
쌀쌀하다,II,to be chilly
쌍둥이,II,twins
쌓다,II,"to stack, to build"
쏘다,II,to shoot
쏟다,II,to spill
쏟아지다,II,"to spill, to pour, to fall heavily"
쑥스럽다,II,to be shy
쓰러지다,II,"to fall, to collapse"
쓰레기통,II,trash can
쓸데없다,II,"to be needless, to be useless"
쓸데없이,II,"uselessly, unreasonably"
쓸쓸하다,II,to be lonely
씌우다,II,to cover
씨름,II,"Sireum, Korean Sumo"
씩씩하다,II,"to be reliable, to be strong"
아깝다,II,"to be regrettable, to be precious"
아끼다,II,"to save, to be frugal"
아나운서,II,announcer
아니,II,no
아동,II,child
아랫사람,II,"one's junior, one's subordinate"
아르바이트,II,part-time job
아리랑,II,Arirang (Korean traditional song)
아무것,II,"any, what"
아무래도,II,"anyhow, whatever"
아무런,II,"any sort of, in any way"
아무리,II,no matter how
아무튼,II,anyway
아쉬움,II,"frustration, regret"
아쉽다,II,"to be unsatisfied, to be sorry"
아이디,II,"username, ID"
아이디어,II,idea
아침저녁,II,morning and evening
아픔,II,pain
악몽,II,nightmare
악수,II,handshake
안개,II,fog
안과,II,ophthalmology
안내문,II,"announcement, notice"
안내서,II,"guidebook, handbook"
안내소,II,information office
안되다,II,"to fail, to not go well"
안방,II,master's bedroom
안부,II,"news, regards"
안색,II,complexion
안심,II,relief
안약,II,eye drop
안전선,II,safety line
안주,II,snack (served with alcoholic beverages)
안쪽,II,inside
안타깝다,II,to feel sorry
앉히다,II,to let/make someone sit down
알,II,"egg, ball"
알레르기,II,allergy
알아듣다,II,to understand
알아보다,II,to recognize
알아주다,II,"to admit, to accept"
알약,II,tablet medicine
알코올,II,alcohol
암,II,cancer
앞날,II,future
앞두다,II,to have something ahead
앞뒤,II,before and after
앞머리,II,(hair) bangs
애기,II,baby
애완견,II,pet dog
애완동물,II,pets
애인,II,lover
애정,II,"love, affection"
애프터서비스,II,after-sales service
액자,II,picture frame
앨범,II,album
야간,II,"nighttime, during night"
야경,II,night view
야근,II,overwork
야단맞다,II,to be scolded
야단치다,II,to scold
야외,II,outdoors
야유회,II,picnic
약하다,II,to be weak
약혼,II,engagement
약혼자,II,fiance
얌전하다,II,"to be calm, to be gentle"
양념,II,"condiments, seasoning, spice"
양로원,II,nursing home
양반,II,"Yangban, nobility"
양보,II,"yielding, concession"
양쪽,II,both
얘,II,this person
어기다,II,to violate
어느새,II,"already, so soon"
어떠하다,II,to be such a one's thoughts
어떡하다,II,to be such a one's thoughts
어려움,II,"difficulty, hardship"
어린아이,II,children
어린이날,II,Children's day
어버이날,II,Parent's day
어색하다,II,to be awkward
어쨌든,II,anyway
어쩌다가,II,coincidentally
어쩌면,II,"maybe, possibly"
어쩐지,II,somehow
어차피,II,"after all, any way"
어학,II,language
어학연수,II,language training
어휘,II,vocabulary
억,II,billion
억양,II,accent
억지로,II,forcibly
언론,II,mass media
언론인,II,journalist
언어,II,language
언젠가,II,someday
얻다,II,to obtain
얻어먹다,II,to get treated
얼다,II,to freeze
얼룩,II,stain
얼른,II,"to be fast, to be quick"
엄격하다,II,to be strict
엄청나다,II,"to be tremendous, to be enormous"
업무,II,"work, job"
없애다,II,"to get rid of, to dispose of"
엉덩이,II,butt
엉뚱하다,II,"to be strange, to be bizarre"
엉망,II,"wreck, mess, ruin"
엊그제,II,a few days ago
에너지,II,energy
에이즈,II,aids
엔진,II,engine
엠티,II,membership training
여가,II,leisure
여고생,II,high school girl
여관,II,"hotel, inn"
여드름,II,acne
여럿,II,many
여름날,II,summer day
여성,II,female
여성복,II,women's clothing
여유,II,"spare, margin"
여전히,II,just as it was before
여쭈다,II,to ask politely
여행비,II,travel expenses
여행자,II,traveler
여행지,II,travel destination
역사적,II,being historical
역시,II,"as expected, after all"
역할,II,role
연결,II,connection
연구,II,research
연구소,II,research institute
연구실,II,research laboratory
연극,II,theater
연기,II,"delay, postponement, smoke, acting"
연도,II,year
연락,II,communication
연말,II,end of the year
연말연시,II,new years holidays
연상,II,"seniority, elder"
연속,II,continuity
연속극,II,"serial drama, soap opera"
연수,II,training
연애,II,"romance, courtship"
연애결혼,II,love marriage
연인,II,couple
연장,II,extension
연주,II,performance
연주회,II,concert
연하,II,"being a younger, younger person"
연하다,II,"to be soft, to supple"
연회비,II,annual fee
열대야,II,a very hot night
열람실,II,reading room
열흘,II,10 days
염색,II,dyeing
엿,II,(Korean traditional) candy
영수증,II,receipt
영양,II,nutrition
영양가,II,nutritional value
영양분,II,nutrients
영양소,II,nutrients
영양제,II,nutritional supplement
영업,II,sales
영업부,II,sales department
영역,II,area
영원히,II,"eternally, everlastingly, forever"
영향,II,impact
영화감독,II,film director
영화제,II,film festival
옆집,II,"a neighbor, the house next door"
예금,II,(bank) deposit
예매,II,"reservation, booking"
예방,II,prevention
예보,II,forecast
예상,II,expectation
예술,II,art
예습,II,"pre-view, preparation"
예식장,II,wedding hall
예의,II,"manner, etiquette"
예전,II,"past, old days"
예절,II,"manner, etiquette"
예정,II,plans
예측,II,forecast
옛,II,"old, ancient"
옛말,II,"old story, old speech, old tale"
오가다,II,to come and go
오늘날,II,today
오락,II,entertainment
오래되다,II,to be old
오랜,II,long time
오르내리다,II,to go up and down
오른손,II,right hand
오리엔테이션,II,orientation
오염,II,pollution
오토바이,II,motorcycle
오페라,II,opera
오피스텔,II,officetel(office + hotel)
오해,II,misunderstanding
오히려,II,rather
온,II,"all~, entire"
온갖,II,various kinds of
온도,II,temperature
온돌,II,Ondol (Korean traditional heating system)
온돌방,II,room with Ondol
온라인,II,online
온몸,II,whole-body
온천,II,hot spring
온천욕,II,hot spring bath
온통,II,"all, entire"
올리다,II,"to raise, to post"
올림픽,II,olympic
올바르다,II,"to be proper, to be honest"
옳다,II,to be correct
옷차림,II,"dress, clothing"
와인,II,wine
완성,II,completion
완전히,II,completely
왕,II,king
왕복,II,round trip
왕비,II,queen
왠지,II,for some reason
외가,II,maternal
외과,II,surgery department
외교관,II,diplomat
외동딸,II,only daughter
외동아들,II,only son
외래어,II,"loan word, borrowed word"
외로움,II,loneliness
외모,II,appearance
외식,II,eating out
외아들,II,only son
외우다,II,to memorize
외치다,II,"to scream, to shout"
요가,II,yoga
요구,II,request
요구르트,II,yogurt
요리법,II,recipe
요리사,II,chef
요새,II,"recently, these days"
요약,II,summary
요청,II,request
욕,II,abusive language
욕실,II,bathroom
욕심,II,greed
욕심쟁이,II,greedy person
용,II,dragon
용기,II,courage
용돈,II,"pocket money, allowance"
용서,II,forgiveness
우등상,II,honor prize
우리말,II,Korean language
우물,II,well
우수성,II,excellence
우승,II,"victory, championship"
우아하다,II,to be graceful
우연,II,"chance, accident"
우연히,II,coincidentally
우울증,II,depression
우울하다,II,to be depressed
우정,II,friendship
우주,II,space
우주여행,II,space travel
우편,II,post
우편물,II,post mail
우편배달,II,mail delivery
운,II,luck
운명,II,fate
운전기사,II,driver
운전면허,II,driver's license
운전자,II,driver
울보,II,crybaby
울음,II,"crying, tear"
웃어른,II,"superior, senior"
웃음,II,laughter
워낙,II,"very, basically"
원고,II,manuscript
원래,II,originally
원룸,II,studio apartment
원리,II,principle
원서,II,application
원숭이,II,monkey
원인,II,cause
월말,II,end of month
웨딩드레스,II,wedding dress
위대하다,II,to be great
위로,II,"consolation, comfort"
위반,II,violation
윗사람,II,"superior, senior"
유난히,II,"outstandingly, especially"
유니폼,II,uniform
유람선,II,cruise ship
유료,II,"being paid, being charged"
유리창,II,window glass
유머,II,humor
유명,II,being famous
유적지,II,historic site
유창하다,II,to be fluent
유치원,II,kindergarten
유쾌하다,II,"to be fun, to be cheerful"
유행어,II,buzzword
육식,II,being carnivorous
육아,II,childcare
윷놀이,II,"game of Yut, Yunnori"
은,II,silver
은혜,II,"favor, grace"
음력,II,lunar calendar
음료,II,"beverages, drink"
음성,II,voice
음식물,II,food and drink
음식점,II,restaurant
음악회,II,musical concert
음주,II,drinking
응급실,II,emergency room
응답,II,"response, answer"
응답자,II,respondents
응시자,II,examinee
응원,II,"cheering, support"
의견,II,opinion
의논,II,"consultation, discussion"
의류,II,clothing
의무,II,obligation
의문,II,question
의사소통,II,communication
의상,II,"clothing, costume"
의식주,II,"clothing, food, and housing"
의심,II,doubt
의외로,II,unexpectedly
의욕,II,motivation
의의,II,"significance, meaning, sense"
의지,II,will
의하다,II,to be based on
의학,II,(field of) medicine
의학적,II,being medical
이것저것,II,"this and that, various, everything"
이국적,II,"being exotic, being foreign"
이기다,II,to win
이기적,II,being selfish
이끌다,II,"to pull, to guide"
이내,II,soon
이다,II,is
이동,II,move
이따,II,later
이때,II,at this time
이러하다,II,"such, of this kind, of this sort"
이런저런,II,"this and that, various"
이루다,II,"to accomplish, to achieve, to compose"
이루어지다,II,"to be achieved, to be composed of"
이름나다,II,to become famous
이름표,II,name tag
이리,II,this way
이리저리,II,here and there
이마,II,forehead
이만,II,"this much of, at here"
이만큼,II,this much
이미,II,already
이미지,II,image
이민,II,immigrants
이별,II,farewell
이불,II,blanket
이비인후과,II,"otorhinolaryngology, ENT"
이삿짐,II,belongings when moving house
이상형,II,an ideal type of person
이성,II,"reason, the opposite sex"
이어지다,II,to be connected
이어폰,II,earphone
이외,II,"except, besides"
이용료,II,usage fee
이용자,II,user
이웃,II,neighborhood
이웃집,II,neighbor
이익,II,profit
이자,II,interest
이전,II,before
이제야,II,finally now
이하,II,"less than, below"
이해력,II,"comprehension, understanding"
이해심,II,"compassion, understanding"
이혼,II,divorce
이후,II,afterward
익숙하다,II,"well-known, familiar"
익히다,II,"to boil, to learn"
인간,II,human
인간관계,II,relationships
인간성,II,human nature
인간적,II,being human
인류,II,human race
인사말,II,greeting words
인상적,II,being impressive
인생,II,life
인쇄,II,printing
인쇄물,II,printed papers
인스턴트,II,instant food
인원,II,number of people
인정받다,II,"to be recognized, to be accepted"
인출기,II,ATM
인턴사원,II,intern
인하다,II,"to result from, to be caused by, to be due to"
일기장,II,diary
일단,II,"first of all, firstly"
일등,II,first place
일반,II,ordinary
일반인,II,ordinary people
일반적,II,being ordinary
일부,II,part
일부러,II,on purpose
일상,II,daily life
일상적,II,being daily
일생,II,lifetime
일시,II,temporary
일시불,II,lump-sum payment
일으키다,II,"to raise, to sit upright"
일자리,II,workplace
일정,II,schedule
일정하다,II,"to be uniform, to be constant"
일출,II,sunrise
일회용품,II,disposable product
읽히다,II,to be read
임산부,II,pregnant woman
임시,II,temporary
임신,II,pregnancy
입금,II,"deposit, payment on account"
입맛,II,appetite
입술,II,lips
입시,II,entrance examination
입장,II,admission
입장권,II,admission ticket
입장료,II,admission fee
입학시험,II,entrance examination
입히다,II,to dress someone up
잇다,II,"to connect, to tie, to continue"
잎,II,leaf
자격,II,qualification
자격증,II,"license, certificate"
자극적,II,"being provocative, being stimulating"
자꾸,II,frequently
자녀,II,child
자동,II,automatic
자라다,II,to grow up
자랑,II,"boast, brag, showing off"
자료실,II,"archive, reference room"
자막,II,subtitles
자매,II,sisters
자살,II,suicide
자세하다,II,"to be detailed, to be minute"
자세히,II,in detail
자식,II,"child, kid"
자신감,II,confidence
자연적,II,being natural
자외선,II,ultraviolet rays
자원,II,resource
자음,II,consonant
자존심,II,"self-esteem, pride"
자취,II,living alone
자판기,II,vending machine
작가,II,writer
작곡,II,composition
작문,II,"essay, writing"
작사,II,writing lyrics
작아지다,II,to get smaller
작업,II,"work, job, operation"
작품,II,"work, piece"
잔돈,II,"small money, small change"
잔디,II,grass
잔디밭,II,grass field
잔뜩,II,"full, much"
잔소리,II,"useless talk, idle talk"
잔액,II,balance
잠그다,II,to lock (a door)
잠기다,II,"to get locked, to submerged"
잠들다,II,to fall asleep
잠옷,II,pajama
잠자리,II,dragonfly
잡수다,II,to eat (honorific)
잡아먹다,II,"to prey on, to feed on"
잡채,II,Japchae (Korean food)
잡히다,II,to get caught
장가,II,marriage (of men)
장가가다,II,to get married (of men)
장기적,II,being long term
장난,II,"naughty, prank"
장난감,II,toy
장난꾸러기,II,mischievous kid
장남,II,eldest son
장녀,II,eldest daughter
장단점,II,advantages and disadvantages
장래,II,future
장례식,II,funeral
장례식장,II,funeral hall
장바구니,II,shopping basket
장사,II,business
장애,II,disability
장애인,II,disabled people
장학,II,scholarship
장학금,II,scholarship
재발급,II,reissue
재산,II,"wealth, property"
재작년,II,two years ago
재주,II,"talent, skills"
재즈,II,jazz
재테크,II,investment techniques
재학,II,enrollment
재해,II,disaster
재혼,II,remarriage
재활용,II,recycling
재활용품,II,recycled goods
쟤,II,that person
저금,II,savings
저금통,II,piggybank
저렴하다,II,to be cheap
저울,II,scale (weight)
저장,II,"storage, preservation"
저절로,II,"being natural, being automatic"
저축,II,savings
적극적,II,"being enthusiastic, being active"
적금,II,installment savings
적당하다,II,to be appropriate
적당히,II,appropriately
적성,II,aptitude (for)
적어도,II,at least
적어지다,II,to get less
적응,II,adaptation
적절하다,II,to be suitable
전구,II,light bulb
전국,II,nationwide
전국적,II,being national
전기,II,electricity
전날,II,the day before
전달,II,"delivery, conveyance"
전동차,II,subway train
전등,II,"lamp, light"
전망,II,outlook
전문가,II,expert
전문적,II,being professional
전문점,II,specialty shop
전반전,II,first half
전부,II,"all, entire"
전산실,II,computer room
전세,II,security deposit system of housing
전셋집,II,rent house
전시,II,exhibition
전시회,II,exhibition
전원,II,power supply
전자,II,electron
전자레인지,II,microwave
전쟁,II,war
전철,II,"subway, train"
전체,II,entire
전체적,II,being overall
전통,II,tradition
전통문화,II,traditional culture
전통적,II,being traditional
전화벨,II,phone bell
절대로,II,"definitely, absolutely"
절반,II,half
절약,II,"saving, frugality"
젊은이,II,young people
젊음,II,youth
점잖다,II,"to be well-mannered, to be gentle"
점점,II,"gradually, slowly"
점차,II,gradually
접다,II,"to fold, to quit"
접수,II,reception
접하다,II,"to encounter, to come into contact"
정,II,affection
정기적,II,being regularly
정답,II,correct answer
정말로,II,really
정보화,II,informatization
정부,II,government
정상,II,normal
정상적,II,being normal
정성,II,"sincerity, devotion"
정성껏,II,"with one's whole heart, elaborately"
정신,II,"mind, consciousness"
정신없다,II,to be not in one's right mind
정신없이,II,"hectically, frantically"
정신적,II,being mental
정의,II,justice
정장,II,"formal clothes, suits"
정전,II,power outage
정지,II,stop
정직하다,II,to be honest
정차,II,stopping
정체,II,identity
정치,II,politics
정치가,II,politician
정치인,II,politician
정치학,II,political science
정확하다,II,to be accurate
정확히,II,accurately
젖다,II,"to get wet, to get soaked"
제공,II,offer
제대로,II,properly
제도,II,system
제때,II,on time
제발,II,please
제비,II,swallow
제사,II,"ancestral rites, memorial service"
제시간,II,on time
제안,II,suggestion
제자,II,"student, disciple, follower"
제자리,II,original place
제작,II,production
제출,II,submission
제품,II,product
제한,II,"limit, restriction"
조개,II,shellfish
조건,II,conditions
조교,II,assistant
조깅,II,jogging
조르다,II,"to tighten, to pester"
조리,II,cooking
조리법,II,recipe
조림,II,braised dish
조만간,II,sooner or later
조명,II,"lighting, illumination"
조미료,II,seasoning
조상,II,ancestor
조심,II,"caution, carefulness"
조절,II,adjustment
족발,II,pig's feet
존경,II,respect
졸다,II,to doze
졸리다,II,to be sleepy
졸업식,II,graduation ceremony
졸음,II,sleepiness
좀처럼,II,"easily, anytime soon"
좁히다,II,"to narrow, to make something smaller"
종교,II,religion
종이컵,II,paper cup
종종,II,"from time to time, sometimes"
종합,II,"total, comprehensive"
좌석,II,seat
좌우,II,left and right
좌회전,II,turn left
주거,II,residence
주고받다,II,to exchange
주년,II,anniversary/annual~
주름,II,wrinkles
주먹,II,fist
주문서,II,purchase order
주민,II,resident
주방,II,kitchen
주식회사,II,corporation
주어지다,II,to be given
주유소,II,gas station
주의,II,caution
주인공,II,main character
주장,II,"assertion, captain"
주제,II,"subject, theme"
주택,II,"housing, residence"
주택가,II,residential area
죽음,II,death
죽이다,II,to kill
준비물,II,belongings
줄거리,II,"story, plot"
줄무늬,II,striped pattern
줄어들다,II,to decrease
줄이다,II,"to reduce, to shrink"
줍다,II,to pick up
중간,II,middle
중개소,II,agency
중고,II,second hand
중고차,II,second-hand car
중고품,II,second-hand goods
중급,II,intermediate
중단,II,suspension
중부,II,central part
중소기업,II,small and medium-sized enterprises
중심지,II,"capital, hub"
중앙,II,central part
중요성,II,importance
쥐,II,mouse
즉,II,"that is, which means"
즐거움,II,"joy, pleasure"
증가,II,"growth, rise"
증명서,II,certificate
증상,II,symptoms
지겹다,II,"to get tired, to get bored"
지구,II,earth
지나가다,II,to pass by
지나치다,II,"to be extreme, to be severe"
지난해,II,last year
지루하다,II,to be boring
지붕,II,roof
지식,II,knowledge
지역,II,area
지옥,II,hell
지우다,II,to erase
지원,II,support
지원자,II,supporter
지위,II,status
지저분하다,II,"to be messy, to be dirty"
지점,II,"point, branch"
지진,II,earthquake
지출,II,"expense, spending"
지치다,II,"to be tired, to be exhausted"
지켜보다,II,"to watch, to take care"
지퍼,II,zipper
지휘자,II,conductor
직선,II,straight line
직장인,II,worker
직접적,II,being direct
직진,II,going straight
직후,II,immediately after
진실,II,truth
진심,II,sincerity
진짜,II,"really, truly"
진찰,II,medical examination
진통제,II,painkiller
진하다,II,"to be thick, to be dark"
진학,II,entrance to a higher educational institution
진행,II,progress
진행자,II,chairperson
질병,II,disease
질서,II,order
질투,II,jealousy
질환,II,disease
짐승,II,beast
집값,II,house price
집다,II,to grab
집들이,II,housewarming party
집세,II,rent
집안,II,family
집안일,II,housework
집주인,II,landlord
집중,II,concentration
집중력,II,concentration
짙다,II,"to be thick, to be dark"
짜증,II,frustration
짝,II,pair
짝사랑,II,"crush, one side love"
짝수,II,even number
쫓기다,II,to be chased
쫓다,II,to chase
쫓아내다,II,to kick out
쫓아다니다,II,to chase around
쭉,II,all the time
찌다,II,to get fat
찜질,II,sauna
찜통더위,II,humid heat
찢다,II,"to break, to tear"
찢어지다,II,"to be torn, to be ripped"
차라리,II,rather
차례,II,order
차분하다,II,"to be calm, to be quiet"
차이,II,difference
차이점,II,differences
착각,II,misunderstanding
찬물,II,cold water
찬성,II,agreement
참가,II,participation
참고,II,reference
참기름,II,sesame oil
참다,II,to endure
참석,II,"attendance, participation"
참여,II,participation
참치,II,tuna
찻집,II,"café, teahouse"
창,II,window
창피,II,"shame, embarrassment"
찾아내다,II,to find out
찾아다니다,II,to search around
찾아보다,II,to look for
채널,II,channel
채식,II,vegetarian
채식주의자,II,vegetarian person
채용,II,recruitment
채우다,II,"to satisfy, to fill in"
채팅,II,online chat
책임지다,II,"to be in charge, to be responsible"
챙기다,II,"to pack, to prepare"
처녀,II,virgin
처리,II,processing
처방,II,prescription
처방전,II,prescription
천국,II,heaven
천사,II,angel
천장,II,ceiling
천재,II,"genius, natural disaster"
철학,II,philosophy
첫날,II,first day
첫눈,II,first snow
첫사랑,II,first love
첫인상,II,first impression
청구서,II,invoice
청년,II,youth
청소년,II,teenager
청첩장,II,invitation
청혼,II,marriage proposal
체격,II,"build, frame"
체온,II,body temperature
체육,II,physical education
체육관,II,gym
체조,II,gymnastics
체중,II,bodyweight
체험,II,experience
쳐다보다,II,"to stare, to look up"
초급,II,beginner-level
초기,II,"beginning, start"
초대장,II,invitation
초보자,II,beginner
초청장,II,invitation
총,II,gun
총무과,II,general affairs division
촬영장,II,studio
촬영지,II,filming site
최근,II,recent
최대,II,maximum
최선,II,best
최신,II,latest
최저,II,minimum
최종,II,"last, final"
최초,II,the first
최후,II,"last, final"
추가,II,adding
추위,II,cold
추천,II,recommendation
추천서,II,letter of recommendation
추첨,II,drawing lots
추측,II,guess
출국,II,leaving a country
출근길,II,on the way to work
출력,II,output
출산,II,giving birth
출산율,II,birth rate
출생,II,birth
출석,II,attendance
출신,II,"origin, affiliation"
출입,II,"access, enter"
출입국,II,immigration
출퇴근,II,commuting
출판사,II,publishing company
충격,II,"shock, impact"
충고,II,advice
충돌,II,collision
충분하다,II,enough
충분히,II,"enough, sufficiently, fully"
취업,II,
취업난,II,unemployment crisis
취침,II,"sleeping, going to bed"
취하다,II,to get drunk
측,II,~side
치료제,II,treatment medicine
치수,II,"size, measurement"
치우다,II,"to clean up, to remove"
치즈,II,cheese
친어머니,II,biological mother
친환경,II,being eco-friendly
침,II,saliva
침실,II,bedroom
칭찬,II,compliment
카네이션,II,carnation
카세트,II,cassette
카센터,II,car repair shop
카페인,II,caffeine
카펫,II,carpet
칸,II,"column, blank"
칼국수,II,Korean style noodle
캄캄하다,II,"to be very dark, to be pitch-dark"
캠퍼스,II,campus
캠프,II,camping
커다랗다,II,to be extremely big
커지다,II,"to get bigger, to grow"
커튼,II,curtain
커플,II,couple
컴퓨터실,II,computer room
켜지다,II,to light up
코끼리,II,elephant
코너,II,corner
코미디,II,comedy
코미디언,II,comedian
콘서트,II,concert
콘센트,II,"electrical outlet, socket"
콩나물,II,bean sprouts
퀴즈,II,quiz
큰길,II,main road
큰돈,II,big money
큰소리,II,"big voice, loud voice"
큰일,II,important matter
클래식,II,classic
클릭,II,click
키우다,II,"to nurture, to make it bigger"
타입,II,type
탈,II,"mask, disguise"
탈의실,II,"dressing room, fitting room"
탈춤,II,Korean traditional mask dance
탑승구,II,boarding gate
탕,II,"soup, juice"
태도,II,attitude
태양,II,sun
태양열,II,solar heat
태우다,II,"to burn, to bake"
택배,II,delivery
택배비,II,delivery fee
터지다,II,"to burst, to happen suddenly"
털다,II,to shake off
테이프,II,tape
텐트,II,tent
토끼,II,rabbit
토론,II,discussion
토하다,II,to vomit
통계,II,statistics
통신,II,communication
통역,II,interpretation
통일,II,unification
통증,II,pain
통지서,II,notice
통화,II,phone call
퇴근길,II,way back from home
퇴원,II,being discharged from hospital
퇴직,II,retirement
투표,II,vote
튀기다,II,"to fry, to bounce"
트럭,II,truck
특기,II,specialty
특별,II,being special
특별하다,II,to be special
특산물,II,"specialty, regional product"
튼튼하다,II,"to be durable, to be strong"
틀림없다,II,to be sure enough
틀림없이,II,definitely
틈,II,"crack, gap"
티켓,II,ticket
팀장,II,team leader
파다,II,"to dig down, to carve"
파마,II,perm
파일,II,file
파전,II,Korean pancake
판매,II,sale
판매자,II,seller
팥빙수,II,Korean style shaved ice
패션쇼,II,fashion show
패스트푸드,II,fast food
팩스,II,fax
팬,II,fan
퍼지다,II,to spread
편리,II,convenience
편식,II,unbalanced diet
편안하다,II,to be comfortable
편의점,II,convenience store
편히,II,easily
펼치다,II,to spread
평가,II,evaluation
평균,II,average
평등,II,equal
평범하다,II,"to be ordinary, to be usual, to be common"
평생,II,forever
평소,II,usual day
평화,II,peace
포근하다,II,to be cozy
포기,II,to give up
포도주,II,wine
포인트,II,point
포장지,II,wrapping paper
폭발,II,explosion
폭설,II,heavy snow
폭식,II,binge eating
폭우,II,heavy rain
폭포,II,waterfall
표시,II,"sign, mark"
표정,II,facial expression
표지판,II,display board
푸르다,II,to be blue
풀리다,II,"to be untied, to be relieved"
풀이,II,interpretation
품질,II,quality
풍경,II,landscape
풍부하다,II,"to be rich, to be abundant"
풍선,II,balloon
프라이팬,II,frying pan
프로그래머,II,programmer
프린터,II,printer
플라스틱,II,plastic
플러그,II,plug
피로,II,fatigue
피부,II,skin
피부과,II,dermatology
피부병,II,skin disease
피서,II,summer vacation
피아니스트,II,pianist
피하다,II,to avoid
피해,II,damage
피해자,II,victim
필수,II,mandatory
필수품,II,necessities
필요성,II,necessity
핑계,II,excuse
하도,II,"too, excessively"
하루빨리,II,"as soon as possible, immediately, quickly"
하루하루,II,day by day
하룻밤,II,one night
하마터면,II,"almost, nearly"
하품,II,yawn
학과,II,department (at university)
학력,II,educational background
학문,II,academic field
학비,II,tuition fee
학습,II,"learning, study"
학자,II,scholar
학점,II,"grade, credit"
한가하다,II,"to be leisurely, to be relaxed"
한국학,II,Korean studies
한글날,II,Hangul day
한꺼번에,II,"at once, together"
한낮,II,midday
한눈,II,at a glance
한동안,II,"temporarily, for a while"
한두,II,one or two
한마디,II,a word
한순간,II,for a moment
한숨,II,sigh
한약,II,acupuncture medicine
한옥,II,Hanok (traditional Korean architecture)
한우,II,Korean beef
한의사,II,doctor of traditional Korean medicine
한정식,II,Korean set meal
한지,II,traditional Korean paper
한참,II,for a long time
한창,II,"at its peak, in bloom"
한편,II,on the other hand
할부,II,monthly installment plan
할인점,II,discount store
함부로,II,"thoughtlessly, mindlessly"
합격자,II,"successful candidate, winner"
합치다,II,"to sum, to match"
합하다,II,to add
항공,II,flight
항공권,II,flight ticket
항공기,II,aircraft
항공료,II,airfare
항공사,II,airlines
항공편,II,flight
해결,II,solution
해결책,II,solution
해고,II,"layoff, discharge"
해내다,II,"to accomplish, to achieve"
해돋이,II,sunrise
해롭다,II,to be harmful
해마다,II,"annual, every year"
해물,II,seafood
해보다,II,"to try, to attempt"
해산물,II,seafood
해소,II,solution
해소법,II,solution
해수욕,II,sea bathing
해수욕장,II,beach
해열제,II,antipyretic
핸드백,II,handbag
햇곡식,II,new grain
햇볕,II,sunlight
행동,II,"action, behavior"
행사장,II,event hall
행운,II,"luck, fortune"
향,II,scent
향기,II,fragrance
향수,II,"perfume, nostalgia"
향하다,II,to head
허락,II,permission
허리띠,II,"belt, waistband"
험하다,II,to be rough
헤매다,II,"to wander, to get lost"
헤어스타일,II,hairstyle
헤어지다,II,"to break up, to leave"
헤엄치다,II,to swim
헬멧,II,helmet
헬스클럽,II,"sports club, gym"
현관,II,entrance
현관문,II,entrance door
현대,II,present-day
현대식,II,modern style
현대인,II,modern people
현대적,II,being modern
현모양처,II,wise mother and good wife
현실,II,reality
현실적,II,being realistic
현장,II,on-site
형용사,II,adjective
형태,II,form
형편,II,"situation, circumstances"
혜택,II,"grace, blessing"
호감,II,favor
호기심,II,curiosity
호수,II,lake
호칭,II,name
혹시,II,maybe
혹은,II,or
혼나다,II,to get angry
혼내다,II,to scold
혼잡,II,"confusion, mess, disorder"
홀수,II,odd number
홍보,II,public relations
홍보물,II,promotion materials
홍수,II,flood
화려하다,II,to be fancy
화면,II,screen
화물,II,cargo
화분,II,flowerpot
화산,II,volcano
화상,II,"burn, scald"
화장지,II,toilet paper
화재,II,fire
화창하다,II,"to be fine, to be clear, to be bright"
화해,II,"reconciliation, settlement, compromise"
확실하다,II,to be sure
환경,II,environment
환기,II,ventilation
환불,II,refund
환상적,II,being fantastic
환송회,II,farewell party
환영회,II,welcome party
환율,II,exchange rate
환전,II,currency exchange
환절기,II,seasonal change
활동,II,activities
활동적,II,being active
활발하다,II,to be active
활용,II,utilization
활짝,II,in full bloom
황당하다,II,"to be absurd, to be nonsensical, to be ridiculous"
황사,II,"yellow dust, asian dust"
～회,II,~ times
회갑,II,one's 60th birthday
회복,II,recovery
회비,II,membership fee
회식,II,"group dinner, drinking party"
회원,II,member
회의장,II,conference hall
회장,II,president
횟수,II,number of times
효과,II,effect
효과적,II,being effective
효녀,II,devoted daughter
효율적,II,being efficient
후문,II,back gate
후반,II,later half
후반전,II,second half
후보,II,candidate
후식,II,dessert
후회,II,regret
훈련,II,training
훌륭하다,II,"to be great, to be excellent"
훔치다,II,to steal
훨씬,II,"much, far, a lot"
휘발유,II,gasoline
휴가철,II,holiday season
휴게실,II,"break-out room, lounge"
휴대,II,mobile
휴대폰,II,mobile phone
휴식,II,rest
휴양지,II,resort
휴학,II,leave of absence (from school)
흐르다,II,"to flow, to run"
흔들다,II,to shake
흔들리다,II,"to wave, to shake"
흔하다,II,to be common
흔히,II,"commonly, often"
흘리다,II,"to spill, to shed"
흙,II,soil
흡연,II,smoking
흥미,II,interest
흥분,II,excitement
희다,II,to be white
희망,II,hope
희망자,II,applicant
희생자,II,victim
힘껏,II,with all one's strength
